Seller SKU,Stock
JOPLVL102-S,1
JOPLVL105-S,36
JOPLVL107-S,1
JOPLVL114-S,6
JOPLVL204-S,11
JOPLVL205-S,97
JOPLVL207A-S,3
JOPLVL214-S,35
JOPLVL215-S,6
JOPLVL242-S,3
JOPLJPR44-S,244
JOPLJPR13-S,1
JOPLVL224-S,1
JOPLVL248-S,19
JOPLJPR69A-S,53
JOPLVL239-S,129
JOPLJPR03A-S,1
JOPLJPR10-S,41
JOPLJPR410-S,1
JOPLJPR43-S,47
JOPLJPR49-S,1
JOPLJPR505-S,1
JOPLJPR56-S,1
JOPLJPR57-S,15
JOPLJPR69B-S,84
JOPLJPR77-S,52
JOPLVL263-S,133
JOPLVL218-S,116
JOPLVL223A-S,55
JOPLVL225A-S,1
JOPLVL226-S,1
JOPLVL229-S,39
JOPLVL230-S,61
JOPLVL240-S,19
JOPLVL241-S,59
JOPLVL244-S,22
JOPLVL249B-S,1
JOPLVL259-S,4
JOPLVL262-S,18
JOPLVL245-S,28
JOPLJPR807-S,1
JOPLJPR809-S,2
JOPLJPR820A-S,31
JOPLJPR83-S,72
JOPLJPR85-S,38
JOPLJPR99-S,12
JOPLKS14-S,1
JOPLKS8002-S,1
JOPLKS8003-S,1
JOPLKS8007-S,3
JOPLKS8107-S,1
JOPLKS90001-S,1
JOPLPDPRW1058-S,905
JOPLVL265-S,49
JOPLVL304-S,5
JOPLVSMRW3988-S,139
JOPLVSMRW4178-S,1
JOPLVSMRW4236-S,2
JOPLJPR10-M,143
JOPLJPR111-M,1
JOPLJPR412-M,1
JOPLJPR43-M,235
JOPLJPR57-M,1
JOPLJPR68A-M,7
JOPLJPR805-M,1
JOPLJPR807-M,70
JOPLJPR820A-M,9
JOPLJPR83-M,196
JOPLJPR85-M,75
JOPLJPR99-M,28
JOPLPDPRW1058-M,753
JOPLVL114-M,7
JOPLVL212-M,249
JOPLVL219-M,1
JOPLVL230-M,44
JOPLVL241-M,24
JOPLVL244-M,5
JOPLVL245-M,73
JOPLVL251-M,3
JOPLVL263-M,151
JOPLVL269-M,1
JOPLVSMRW3988-M,360
JOPLVSMRW4123-M,1
JOPLJPR804A-M,1
JOPLJPR89-S,49
JOPLJPR61-M,1
JOPLJPR61-S,1
JOPLJPR89-M,72
JOPLVL214-M,27
JOPLVL236-L,50
JOPLVL241-L,46
JOPLVL251-L,27
JOPLVL259-L,3
JOPLVL263-L,44
JOPLANG11011-L,1
JOPLJPR10-L,105
JOPLJPR43-L,383
JOPLJPR69B-L,67
JOPLJPR69D-L,41
JOPLJPR807-L,71
JOPLJPR83-L,129
JOPLJPR85-L,106
JOPLJPR99-L,11
JOPLJPR44-L,720
JOPLKS90001-L,1
JOPLKS90007-L,1
JOPLVL230-L,53
JOPLJPR102-L,27
JOPLVSMRW3988-L,382
JOPLPDPRW1058-L,1186
JOPLJPR89-L,38
JOPLVL259-XL,1
JOPLVL263-XL,5
JOPLVSMRW3988-XL,616
JOPLVSMRW4236-XL,1
JOPLVL215-XL,1
JOPLVL230-XL,37
JOPLVL236-XL,74
JOPLVL241-XL,45
JOPLVL245-XL,71
JOPLVL251-XL,52
JOPLJPR10-XL,172
JOPLJPR44-XL,725
JOPLJPR68A-XL,1
JOPLJPR69B-XL,76
JOPLJPR69D-XL,18
JOPLJPR801-XL,134
JOPLJPR807-XL,78
JOPLJPR816-XL,1
JOPLJPR83-XL,273
JOPLJPR85-XL,22
JOPLJPR99-XL,22
JOPLPDPRW1058-XL,1880
JOPLVL263-XXL,66
JOPLVL213-XL,36
JOPLVL234-XXL,1
JOPLVL236-XXL,74
JOPLVL244-XXL,2
JOPLVL245-XXL,53
JOPLVL249B-XXL,21
JOPLVL251-XXL,21
JOPLVL253-XXL,1
JOPLVL248-XXL,10
JOPLPDPRW1058-XXL,1284
JOPLVL202-XXL,1
JOPLVL213-XXL,26
JOPLVL214-XXL,38
JOPLVL215-XXL,37
JOPLVL230-XXL,76
JOPLJPR10-XXL,145
JOPLJPR43-XXL,369
JOPLJPR44-XXL,699
JOPLJPR68D-XXL,9
JOPLJPR69A-XXL,31
JOPLJPR69B-XXL,95
JOPLJPR807-XXL,77
JOPLJPR83-XXL,147
JOPLJPR85-XXL,94
JOPLJPR99-XXL,25
JOPLJPR89-XXL,47
JOPLVL226-XXL,1
JOPLJPR801-XXL,124
JOPLJPR89-XL,33
JOPLJPR43-XL,304
JOPLVL212-S,41
JOPLVL212-L,104
JOPLVL212-XL,159
JOPLVL212-XXL,51
JOPLVL267B-S,71
JOPLVL267B-M,71
JOPLVL267B-L,42
JOPLVL267B-XL,42
JOPLVL267B-XXL,43
JOPLJPR105-S,5
JOPLJPR112-XL,1
JOPLVL239-L,16
JOPLVL202A-XXL,5
JOPLJPR69C-L,91
JOPLJPR53-M,1
JOPLVL241A-L,32
JOPLVL241A-XL,22
JOPLVL241A-XXL,75
JOPLVL241A-M,18
JOPLVL241A-S,51
JOPLVL214-L,20
JOPLVL214-XL,36
JOPLVL218-XXL,109
JOPLVSMRW3988-XXL,449
JOPLVL248-XL,24
JOPLJPR102-XXL,1
JOPLJPR69C-S,51
JOPLVL219-L,1
JOPLVL248-L,13
JOPLVL224-L,2
JOPLJPR68B-L,12
JOPLVL249B-M,1
JOPLJPR69D-M,97
JOPLJPR44-M,537
JOPLVL218-XL,86
JOPLVL201-XXL,1
JOPLJPR68C-M,34
JOPLVL205-M,50
JOPLVL218-M,176
JOPLJPR102-S,1
JOPLVL218-L,150
JOPLJPR68D-XL,16
JOPLJPR102-XL,11
JOPLJPR69A-XL,12
JOPLVL213-M,12
JOPLVL248-M,9
JOPLVL224-XXL,9
JOPLVL213-S,22
JOPLVL227-S,24
JOPLJPR801-L,121
JOPLJPR68D-L,15
JOPLJPR69A-M,58
JOPLJPR68D-M,2
JOPLJPR68B-M,10
JOPLJPR801-M,156
JOPLJPR68B-XL,26
JOPLJPR69C-XXL,89
JOPLJPR801-S,138
JOPLJPR10-3XL,119
JOPLJPR43-3XL,105
JOPLJPR807-3XL,16
JOPLJPR85-3XL,63
JOPLVL218-3XL,66
JOPLVL212-3XL,41
JOPLJPR89-3XL,56
JOPLJPR69B-3XL,47
JOPLJPR111-3XL,1
JOPLJPR69A-3XL,38
JOPLJPR68D-3XL,20
JOPLJPR83-3XL,167
JOPLJPR68B-3XL,71
JOPLJPR801-3XL,59
JOPLJPR10-4XL,94
JOPLJPR807-4XL,8
JOPLJPR85-4XL,76
JOPLVL212-4XL,48
JOPLJPR89-4XL,48
JOPLJPR83-4XL,91
JOPLJPR69A-4XL,30
JOPLJPR801-4XL,54
JOPLJPR69B-4XL,21
JOPLJPR69C-4XL,28
JOPLJPR68D-4XL,14
JOPLJPR44-3XL,614
JOPLVL245-3XL,1
JOPLVL214-3XL,45
JOPLVL213-3XL,6
JOPLVL267A-S,55
JOPLVL267A-M,51
JOPLVL267A-L,41
JOPLVL267A-XL,39
JOPLVL267A-XXL,20
JOPLVL245-L,58
JOPLVL238-S,63
JOPLVL238-M,24
JOPLJPR108-L,1
JOPLJPR108-XXL,2
ROLY01A-L,36
ROLY01A-M,39
ROLY01A-S,42
ROLY01A-XL,19
ROLY01A-XS,61
ROLY01A-XXL,1
ROLY01B-L,30
ROLY01B-M,21
ROLY01B-S,30
ROLY01B-XL,32
ROLY01B-XS,58
ROLY02A-L,36
ROLY02A-S,32
ROLY02A-XL,13
ROLY02A-XS,40
ROLY02A-XXL,27
ROLY02B-S,26
ROLY02B-XS,11
ROLY02B-XXL,2
ROLY03A-L,18
ROLY03A-M,10
ROLY03A-S,36
ROLY03A-XL,10
ROLY03A-XS,37
ROLY03B-S,5
ROLY03B-XS,52
ROLY07A-L,41
ROLY07A-M,33
ROLY07A-S,42
ROLY07A-XL,49
ROLY07A-XS,59
ROLY07A-XXL,7
ROLY07B-L,17
ROLY07B-M,18
ROLY07B-S,29
ROLY07B-XL,16
ROLY07B-XS,44
ROLY08A-L,32
ROLY08A-M,28
ROLY08A-S,27
ROLY08A-XL,25
ROLY08A-XS,54
ROLY08A-XXL,46
ROLY08B-L,57
ROLY08B-M,53
ROLY08B-S,56
ROLY08B-XL,26
ROLY08B-XS,59
ROLY08B-XXL,43
ROLY09A-L,63
ROLY09A-M,41
ROLY09A-S,70
ROLY09A-XL,69
ROLY09A-XS,69
ROLY09A-XXL,32
ROLY09B-L,52
ROLY09B-M,53
ROLY09B-S,37
ROLY09B-XL,53
ROLY09B-XS,60
ROLY09B-XXL,39
JOPLVL287-S,29
JOPLVL270-S,77
JOPLVL270-M,62
JOPLVL270-L,27
JOPLVL270-XL,29
JOPLVL270-XXL,37
JOPLVSMRW3988-3XL,79
JOPLVSMRW3988-4XL,124
JOPLPDPRW1058-3XL,1164
JOPLPDPRW1058-4XL,1325
JOPLVL212-5XL,35
JOPLJPR44-5XL,226
JOPLJPR43-5XL,125
JOPLJPR10-5XL,48
JOPLJPR85-5XL,10
JOPLVL218-5XL,77
JOPLJPR89-5XL,22
JOPLVL212-6XL,57
JOPLJPR43-6XL,48
JOPLJPR10-6XL,40
JOPLJPR85-6XL,11
JOPLJPR89-6XL,12
JOPLPDPRW1058-5XL,409
JOPLJPR44-4XL,539
JOPLJPR16-M,1
JOPLJPR68A-3XL,2
JOPLJPR68A-4XL,3
JOPLJPR68B-4XL,55
JOPLJPR69B-M,69
JOPLJPR69C-M,75
JOPLJPR69C-XL,88
JOPLJPR69D-3XL,38
JOPLJPR69D-4XL,23
JOPLVL102-L,1
JOPLVL205-L,22
JOPLVL208-4XL,1
JOPLVL213-L,8
JOPLVL301-3XL,1
JOPLJPR68D-S,4
JOPLJPR69D-S,47
JOPLJPR72-S,1
JOPLJPR71-S,1
JOPLJPR68C-S,37
JOPLJPR69A-L,54
JOPLVL205-XL,1
JOPLJPR69D-XXL,12
JOPLANG11011-3XL,1
JOPLVL218-4XL,9
JOPLJPR801-6XL,66
JOPLJPR44-6XL,374
JOPLJPR801-5XL,51
JOPLVL218-6XL,54
JOPLJPR68B-S,29
JOPLPDPRW1058-6XL,701
JOPLJPR824-S,1
JOPLJPR83-5XL,73
JOPLJPR109-L,1
JOPLJPR69C-3XL,32
JOPLVL275-L,34
JOPLVL275-M,13
JOPLVL275-S,60
JOPLVL275-XXL,4
JOPLVL286-S,82
JOPLVL288-L,24
JOPLVL288-M,37
JOPLVL288-S,44
JOPLVL288-XL,26
JOPLVL288-XXL,26
JOPLVL292-S,9
MRAWAT12002,1
MRAWAT12005,1
MRAWAT12006,1
MRAWAT12009,1
MRAWAT12010,1
MRAWAT12015,1
MRAWAT12019,1
MRAWAT12020,1
MRAWAT12021,1
MRAWAT12025,1
MRAWAT12026,1
MRAWAT12027,1
MRAWAT12029,1
MRAWAT12031,1
MRAWAT12033,1
MRAWAT12034,1
MRAWAT12036,1
MRAWAT12037,1
MRAWAT12038,1
MRAWAT12039,1
MRAWAT12040,1
MRAWAT12044,1
MRAWAT12045,1
MRAWAT12047,1
MRAWAT18001,1
MRAWAT18005,1
MRAWAT18007,1
MRAWAT18011,1
MRAWAT18012,1
MRAWAT18015,1
MRAWAT18022,1
MRAWAT18023,1
MRAWAT18031,1
MRAWAT18032,1
MRAWAT18034,1
MRAWAT18035,1
MRAWAT18038,1
MRAWAT18039,1
MRAWAT18040,1
MRAWAT18042,1
MRAWAT18052,1
MRAWAT18053,1
MRAWAT18054,1
MRAWAT18060,1
MRAWAT18061,1
MRAWAT18062,1
MRAWAT18063,1
MRAWAT18064,1
MRAWAT18065,1
MRAWAT18071,1
JOPLJPR83-6XL,6
JOPLVL273-XL,6
JOPLVL280-S,29
JOPLVL273-XXL,11
JOPLVL274-S,17
JOPLVL214-6XL,22
JOPLVL214-5XL,22
JOPLVL281-S,23
JOPLVL281-M,14
JOPLJPR69B-5XL,45
JOPLJPR69B-6XL,29
JOPLJPR116-S,1
JOPLJPR818-M,8
JOPLJPR818-L,5
JOPLJPR818-XL,5
JOPLJPR815-S,1
JOPLVL284B-M,33
JOPLVL284B-L,25
JOPLVL284B-XXL,29
JOPLVL284B-XL,33
JOPLVL284B-S,52
JOPLVL276-S,36
JOPLVL276-XXL,1
JOPLVL293-S,20
JOPLVL283-L,8
JOPLVL283-S,33
JOPLVL283-XXL,21
JOPLVL283-XL,6
JOPLVL248-3XL,1
JOPLVL309-XL,9
JOPLVL305-S,13
JOPLVL279-L,22
JOPLVL309-S,50
JOPLVL279-XL,38
JOPLVL309-M,4
JOPLVL279-S,48
JOPLVL279-M,35
JOPLVL309-XXL,19
JOPLVL309-L,1
JOPLVL296-XXL,22
JOPLVL296-M,40
JOPLVL296-S,61
JOPLVL296-XL,17
JOPLVL306-S,16
JOPLVL296-L,22
JOPLVL282-S,57
JOPLVL299A-S,1
JOPLJPR823-3XL,1
JOPLVL277-XXL,15
JOPLJPR823-L,1
JOPLVL277-S,19
JOPLJPR823-M,5
JOPLJPR823-S,40
JOPLVL300-S,30
JOPLMD102A,9
JOPLMD102B,10
JOPLMD104B,1
JOPLMD106A,1
JOPLMD120B,1
JOPLMD128A,9
JOPLMD133E,1
JOPLMD137C,2
JOPLMD138A,1
JOPLMD139D,4
JOPLMD140B,8
JOPLMD140C,4
JOPLMD141A,1
JOPLMD141C,3
JOPLMD142B,1
JOPLMD142C,1
JOPLMD142D,2
JOPLMD143A,1
JOPLMD145A,9
JOPLMD145B,4
JOPLMD147A,39
JOPLMD152A,2
JOPLMD152C,1
JOPLVL297-S,11
JOPLVL294-S,18
JOPLVL297-XXL,1
JOPLVL224-3XL,8
JOPLJPR122-S,1
JOPLVL224-4XL,24
JOPLVL307-S,70
JOPLVL307-XL,31
JOPLVL307-L,19
JOPLVL307-M,39
JOPLVL307-XXL,41
JOPLVL284A-XXL,38
JOPLGF1006-M,1
JOPLVL299B-XXL,34
JOPLJPR118-M,1
JOPLJPR118-4XL,1
JOPLVL295-XXL,2
JOPLVL224-5XL,16
JOPLVL224-6XL,2
JOPLVL213-5XL,1
JOPLVSM4133,1
JOPLRP710,137
JOPLVSM4031,227
JOPLVSM4087,113
JOPLPDP1058,108
JOPLVSM4071,107
JOPLVSM4002J,148
JOPLMF2228,33
JOPLANG3010,214
JOPLPDP1028,10
JOPLVSM4091,98
JOPLVSM4102,16
JOPLVSM4113,1
JOPLVSM4132,339
JOPLPDP1091,1
JOPLVSM4147,86
JOPLVSM4168,41
JOPLVSM4088,108
JOPLVSM4078,229
JOPLPDP1006,196
JOPLVSM4005J,383
JOPLVSM4079,102
JOPLVSM4125,214
JOPLVSM3851,59
JOPLVSM4028,1
JOPLVSM4093,124
JOPLVSM4096,356
JOPLVSM4114,192
JOPLVSM4119,149
JOPLVSM3852,8
JOPLVSM3988,122
JOPLVSM4073,1
JOPLVSM4082,356
JOPLVSM4123,1
JOPLVSM4136,5
JOPLVSM4165,14
JOPLVSM4097,83
JOPLVSM4250,56
JOPLVSM5112,169
JOPLVSM5111,221
JOPLVL241A-5XL,11
JOPLVL241A-3XL,21
JOPLVL241A-4XL,4
JOPLVSMRW3988-5XL,85
JOPLVSMRW3988-6XL,54
JOPLVL310-S,63
JOPLVL310-L,74
JOPLVL310-XL,115
JOPLVL310-XXL,17
JOPLVL310-M,74
JOPLJPR69A-5XL,60
JOPLJPR69D-6XL,18
JOPLJPR69A-6XL,49
JOPLJPR69D-5XL,38
JOPLJPR68C-4XL,57
JOPLJPR68C-L,68
JOPLJPR68C-3XL,49
JOPLJPR68C-XL,8
JOPLANG5010,28
JOPLJPR68C-XXL,10
JOPLJPR121-3XL,1
JOPLAI1001D,1427
JOPLVSM10004,3
JOPLVSM10017,2
JOPLJPR124-S,2
JOPLKS205D,18
JOPLKS206A,6
JOPLSRS1104E,1
JOPLSRS1106E,1
JOPLSRS1106G,4
JOPLSRS1106K,17
JOPLSRS1113C,3
JOPLSRS1114C,16
JOPLSRS1114D,4
JOPLSRS1114F,11
JOPLSRS1114G,4
JOPLSRS1114I,14
JOPLSRS1114K,5
JOPLSRS1114J,12
JOPLMF1009,5
JOPLMF2223,85
JOPLMF307,9
JOPLMF904,31
JOPLNS4029C,48
JOPLNB1006,3
JOPLNB108,4
JOPLNB11006,2
JOPLNB206,19
JOPLNB3034,11
JOPLNB3038B,4
JOPLNB3038F,2
JOPLNB3040A,8
JOPLNB3066,1
JOPLNB3076A,8
JOPLNB3076C,10
JOPLNB3076D,12
JOPLNB3078B,6
JOPLNB3078D,2
JOPLNS4004B,11
JOPLNS4028B,3
JOPLNS4029E,69
JOPLNS4030D,6
JOPLNS4038,5
JOPLNS4048B,1
JOPLNS4060,2
JOPLNS4066B,52
JOPLNS4066C,22
JOPLNS4066D,12
JOPLNS4066E,38
JOPLNS4066F,1
JOPLNS4066H,32
JOPLNS4068,24
JOPLNS4070,2
JOPLNS4073,7
JOPLNS4075,10
JOPLNS4079,12
JOPLNS4080,1
JOPLVL311-S,1
JOPLVL311-M,2
JOPLVSM5140,6
JOPLJPR826-XXL,1
JOPLVSM5149,1
JOPLVSM5146,9
JOPLVSM5145,13
JOPLVSM5148,34
JOPLMSFRTW6012-M,3
JOPLMSFRTW1515-M,7
JOPLJPR828-M,1
JOPLMSFRTW6012-S,4
JOPLMSFRTW1515-5XL,1
JOPLMSFRTW1515-S,35
JOPLMD141D,1
JOPLMD116,1
JOPLGGKV2009,50
JOPLAI1010C,7
JOPLMSFRTW6006-S,1
JOPLMSFRTW6003-S,3
JOPLVSM9001,2
JOPLJPR68A-S,27
JOPLMSFRTW1509B1-S,1
JOPLJPR703-XXL,24
JOPLJPR703-S,23
JOPLJPR703-XL,1
JOPLJPR709-XL,145
JOPLJPR709-S,150
JOPLJPR709-XXL,134
JOPLJPR69C-5XL,31
JOPLJPR709-L,125
JOPLJPR709-M,114
JOPLJPR69C-6XL,24
JOPLJPR707-M,66
JOPLJPR707-L,87
JOPLJPR707-S,108
JOPLJPR706-XL,580
JOPLJPR705-S,55
JOPLJPR705-XL,61
JOPLJPR706-S,706
JOPLJPR705-L,24
JOPLJPR707-XL,58
JOPLJPR706-L,900
JOPLJPR705-XXL,41
JOPLJPR705-M,41
JOPLJPR706-M,795
JOPLJPR706-XXL,422
JOPLJPR707-XXL,107
JOPLJPR708-XXL,105
JOPLJPR708-S,49
JOPLJPR708-M,37
JOPLJPR708-XL,92
JOPLJPR708-L,66
JOPLVSM4277,1
JOPLDI1026,89
JOPLDI1022,8
JOPLDI1017,3
JOPLDI1028,47
JOPLDI1020,37
JOPLDI1025,22
JOPLDI1034,9
JOPLDI1024,90
JOPLDI1031,26
JOPLDI1030,1
JOPLDI1029,1
JOPLDI1019,13
JOPLDI1032,70
JOPLVL313-XL,11
JOPLVL313-M,17
JOPLVL313-S,46
JOPLVL313-XXL,11
JOPLVSMRW4250-5XL,290
JOPLVSMRW4250-L,267
JOPLVSMRW4250-3XL,302
JOPLVSMRW4250-XXL,414
JOPLVSMRW4251-L,66
JOPLVSMRW4267-6XL,5
JOPLVSMRW4250-4XL,237
JOPLVSMRW4251-M,67
JOPLVSMRW4251-XXL,3
JOPLVSMRW4267-S,86
JOPLVSMRW4250-6XL,243
JOPLVSMRW4251-XL,26
JOPLVSMRW4251-4XL,1
JOPLVSMRW4250-XL,556
JOPLVSMRW4251-S,87
JOPLVSMRW4251-3XL,1
JOPLVSMRW4250-M,205
JOPLVSMRW4250-S,76
JOPLVSMRW4267-L,69
JOPLVL288-4XL,45
JOPLVL288-3XL,32
JOPLVL288-6XL,20
JOPLVL288-5XL,72
JOPLJPR712-XXL,8
JOPLJPR712-XL,10
JOPLJPR712-M,12
JOPLJPR712-XS,31
JOPLJPR712-S,14
JOPLJPR712-L,2
JOPLVSM4281,81
JOPLLT7074,3
JOPLLT2017,54
JOPLVSM5151,8
JOPLVSM5154,1
JOPLVSM5153,3
JOPLVSM5152,1
JOPLJPR703-XS,7
JOPLJPR132-M,1
JOPLMSFRTW1515i-6XL,2
JOPLDI1052,4
JOPLDI1036,3
JOPLDI1050,12
JOPLDI1042,5
JOPLDI1049,2
JOPLDI1048,6
JOPLDI1044,1
JOPLDI1045,12
JOPLDI1015,3
JOPLDI1021,22
JOPLDI1040,36
JOPLDI1038,2
JOPLDI1016,6
JOPLDI1033,45
JOPLJPR711-L,142
JOPLJPR711-XXL,150
JOPLJPR711-XS,147
JOPLJPR711-S,206
JOPLJPR711-XL,125
JOPLJPR711-M,192
JOPLRP1005,4
JOPLMF802,1
JOPLGF16008,1
JOPLGF16016,1
JOPLVSB1003,5
JOPLVD148,1
JOPLVJD1014,1
JOPLAI1003D,1
JOPLVSMRW5103-M,1
JOPLVSMRW5103-5XL,1
JOPLVSMRW5103-6XL,3
JOPLVL244-6XL,1
JOPLJPR706-XS,211
JOPLJPR707-XS,57
JOPLRP1004,4
JOPLLTRW2004-S,6
JOPLVSMRW4281-M,87
JOPLVSMRW4281-6XL,61
JOPLVSMRW4276-5XL,4
JOPLVSMRW4276-M,1
JOPLVSMRW4281-XXL,96
JOPLVSMRW4281-L,84
JOPLVSMRW4277-S,18
JOPLVSMRW4281-S,52
JOPLVSMRW4281-XL,79
JOPLVSMRW4281-3XL,68
JOPLVSMRW4277-4XL,1
JOPLVSMRW4277-M,21
JOPLVSMRW4281-4XL,73
JOPLVSMRW4281-5XL,102
JOPLVSMRW4276-S,56
JOPLJPR837-S,20
JOPLJPR718-L,105
JOPLJPR718-XL,61
JOPLJPR718-M,85
JOPLJPR837-M,13
JOPLJPR718-XXL,61
JOPLJPR718-XS,18
JOPLJPR718-S,111
JOPLVSM4285,1
JOPLJPR709-XS,122
JOPLMSFRTW1515B-S,1
JOPLJPR713-XL,27
JOPLJPR713-XS,16
JOPLJPR713-M,77
JOPLJPR713-L,71
JOPLJPR713-S,1
JOPLJPR713-XXL,50
JOPLJPR835-S,15
JOPLJPR836-L,1
JOPLJPR835-XXL,3
JOPLJPR836-XXL,5
JOPLJPR835-XL,1
JOPLJPR831-S,25
JOPLLTRW2002-4XL,8
JOPLLTRW2002-S,26
JOPLLTRW2002-L,4
JOPLLTRW2002-6XL,1
JOPLLTRW2002-5XL,1
JOPLJPR832-L,26
JOPLJPR832-M,22
JOPLJPR832-S,5
JOPLJPR832-XL,33
JOPLJPR832-XXL,7
JOPLLTRW2007-6XL,52
JOPLLTRW2007-5XL,152
JOPLLTRW2007-4XL,156
JOPLLTRW2007-S,65
JOPLLTRW2007-3XL,193
JOPLLTRW2007-M,57
JOPLLTRW2007-XL,295
JOPLLTRW2007-XXL,272
JOPLLTRW2007-L,69
JOPLLTRW2003-6XL,1
JOPLLTRW2013-M,3
JOPLLTRW2013-L,8
JOPLLTRW2013-3XL,1
JOPLLTRW2013-S,21
JOPLLTRW2013-6XL,83
JOPLLTRW2013-4XL,2
JOPLLTRW2013-XL,19
JOPLJPR708-XS,99
JOPLJPR305-XS,8
JOPLJPR135-S,7
JOPLJPR305-S,1
JOPLJPR305-L,1
JOPLJPR302-S,9
JOPLJPR302-L,14
JOPLJPR302-M,2
JOPLJPR304-XS,29
JOPLJPR302-XS,15
JOPLJPR302-XL,27
JOPLJPR302-XXL,27
JOPLJPR307-L,52
JOPLJPR301-M,13
JOPLJPR307-S,48
JOPLJPR301-XL,43
JOPLJPR307-XL,56
JOPLJPR301-L,37
JOPLJPR307-XS,56
JOPLJPR307-XXL,66
JOPLJPR301-XXL,20
JOPLJPR301-S,13
JOPLJPR307-M,55
JOPLLTRW2017-6XL,583
JOPLLTRW2017-4XL,642
JOPLLTRW2015-L,287
JOPLLTRW2015-M,348
JOPLLTRW2017-L,199
JOPLLTRW2015-XXL,470
JOPLLTRW2017-XL,718
JOPLLTRW2015-3XL,513
JOPLLTRW2017-5XL,524
JOPLLTRW2017-S,192
JOPLLTRW2017-M,242
JOPLLTRW2015-6XL,368
JOPLLTRW2015-4XL,507
JOPLLTRW2015-XL,527
JOPLLTRW2015-5XL,377
JOPLLTRW2017-XXL,468
JOPLLTRW2015-S,125
JOPLLTRW2017-3XL,762
JOPLVSM5169,1
JOPLVSM5164,1
JOPLLTRW2018-M,49
JOPLLTRW2018-6XL,30
JOPLLTRW2018-3XL,108
JOPLLTRW2018-XXL,106
JOPLLTRW2018-XL,183
JOPLLTRW2018-4XL,74
JOPLLTRW2018-S,34
JOPLLTRW2018-5XL,111
JOPLLTRW2018-L,95
JOPLJPR715-XXL,4
JOPLLTRW2016-S,44
JOPLLTRW2016-XXL,104
JOPLLTRW2016-4XL,134
JOPLLTRW2016-XL,130
JOPLLTRW2016-3XL,141
JOPLLTRW2016-M,44
JOPLLTRW2016-L,43
JOPLLTRW2016-5XL,99
JOPLLTRW2016-6XL,47
JOPLJPR830-XXL,1
JOPLJPR835-M,18
JOPLJPR835-L,23
JOPLST04-S,1
JOPLST08-S,2
JOPLJPR303-M,15
JOPLJPR303-XXL,16
JOPLJPR303-XS,41
JOPLJPR303-XL,13
JOPLJPR303-L,4
JOPLJPR303-S,18
JOPLJPR727-XS,24
JOPLJPR727-M,2
JOPLJPR841-XL,69
JOPLJPR841-S,34
JOPLJPR841-L,35
JOPLJPR841-M,23
JOPLJPR727-S,7
JOPLJPR841-XXL,70
JOPLJPR727-XXL,3
JOPLJPR133-S,3
JOPLJPR717-XL,1
JOPLJPR714-XS,129
JOPLJPR714-XXL,370
JOPLJPR714-L,483
JOPLJPR729-S,1
JOPLJPR714-S,218
JOPLJPR714-XL,544
JOPLJPR714-M,493
JOPLJPR705-XS,31
JOPLJPR716-S,56
JOPLJPR716-XXL,72
JOPLJPR716-XL,81
JOPLJPR716-XS,87
JOPLJPR716-L,25
JOPLJPR133-M,1
JOPLJPR842-S,4
JOPLJPR722-S,1
JOPLJPR842-XXL,52
JOPLJPR722-XS,19
JOPLJPR722-M,1
JOPLJPR842-L,62
JOPLJPR842-XL,44
JOPLJPR722-XXL,26
JOPLJPR842-M,42
JOPLRJN03-S,2
JOPLRJN05-S,5
JOPLRJN04-S,8
JOPLRJN04-M,7
JOPLRJN04-L,1
JOPLST206-S,1
JOPLJPR725-M,2
JOPLJPR721-S,2
JOPLJPR723-XL,1
JOPLJPR725-XS,11
JOPLJPR725-L,3
JOPLJPR725-S,4
JOPLJPR723-M,1
JOPLJPR506-L,2
JOPLST210-M,1
JOPLST203-L,1
JOPLJPR506-S,3
JOPLJPR846-3XL,4
JOPLJPR846-L,1
JOPLJPR846-XXL,46
JOPLJPR843-L,1
JOPLJPR845-L,1
JOPLJPR843-M,1
JOPLJPR846-XL,36
JOPLVSMRW4285-5XL,1
JOPLVSMRW4285-M,1
JOPLVSMRW4285-S,9
JOPLVSMRW4284-3XL,45
JOPLVSMRW4284-S,70
JOPLVSMRW4284-4XL,42
JOPLVSMRW4284-5XL,70
JOPLVSMRW4284-L,27
JOPLVSMRW4284-M,22
JOPLJPR728-S,21
JOPLJPR728-XS,7
JOPLJPR726-M,26
JOPLJPR726-S,18
JOPLJPR726-L,25
JOPLST208-S,1
JOPLST201-XL,57
JOPLST201-M,82
JOPLST201-S,77
JOPLST201-XXL,95
JOPLST201-L,118
JOPLVL310-3XL,14
JOPLVL310-5XL,18
JOPLVL310-6XL,14
JOPLVL310-4XL,10
JOPLST212-L,1
JOPLVSMRW5159-6XL,1
JOPLJPR739-M,395
JOPLJPR739-S,261
JOPLJPR739-XS,256
JOPLJPR739-XL,231
JOPLJPR739-L,397
JOPLJPR739-XXL,245
JOPLJPR719-S,1
JOPLJPR719-XXL,6
JOPLVL305-5XL,9
JOPLRJN08-M,11
JOPLRJN08-L,3
JOPLRJN08-XL,37
JOPLRJN06-XXL,2
JOPLRJN08-XXL,37
JOPLRJN08-S,18
JOPLCS101-XS,1
JOPLCS102-L,1
JOPLCS102-XS,8
JOPLJPR509-XXL,1
JOPLJPR509-M,10
JOPLJPR509-S,12
JOPLJPR509-XL,2
JOPLPDPRW1006-S,53
JOPLPDPRW1006-3XL,2
JOPLPDPRW1006-XXL,59
JOPLPDPRW1006-5XL,27
JOPLPDPRW1006-4XL,3
JOPLPDPRW1006-M,11
JOPLPDPRW1006-XL,63
JOPLPDPRW1006-L,15
JOPLPDPRW1006-6XL,116
JOPLJPR738-L,18
JOPLVSMRW5156-S,90
JOPLVSMRW5156-XL,99
JOPLVSMRW5156-5XL,84
JOPLVSMRW5156-3XL,74
JOPLVSMRW5156-M,93
JOPLJPR738-XL,14
JOPLJPR738-S,39
JOPLVSMRW5156-6XL,86
JOPLCS104-XS,11
JOPLCS104-XXL,8
JOPLJPR738-M,20
JOPLVSMRW5156-4XL,98
JOPLVSMRW5156-XXL,105
JOPLCS104-XL,2
JOPLJPR738-XS,25
JOPLCS104-L,2
JOPLVSMRW5156-L,49
JOPLVSMRW5160-XXL,262
JOPLVSMRW5160-L,70
JOPLVSMRW5160-M,75
JOPLVSMRW5160-XL,38
JOPLVSMRW5160-4XL,103
JOPLVSMRW5160-3XL,122
JOPLVSMRW5160-6XL,79
JOPLVSMRW5160-S,59
JOPLVSMRW5160-5XL,116
JOPLVSMRW5164-6XL,2
JOPLVSMRW5164-4XL,4
JOPLVSMRW5164-5XL,3
JOPLVSMRW5164-S,41
JOPLVSMRW5149-XXL,43
JOPLJPR508-S,10
JOPLVSMRW5149-S,48
JOPLVSMRW5149-5XL,50
JOPLVSMRW5149-L,57
JOPLVSMRW5149-4XL,26
JOPLVSMRW5149-M,40
JOPLVSMRW5149-XL,45
JOPLVSMRW5149-6XL,40
JOPLVSMRW5149-3XL,51
JOPLJPR68A-6XL,75
JOPLJPR68A-5XL,24
JOPLMF8003,1
JOPLVSMRW4284-6XL,64
JOPLVSRW4093-5XL,4
JOPLVSRW4093-S,45
JOPLVSRW4093-L,81
JOPLVSRW4093-XL,16
JOPLVSRW4093-XXL,58
JOPLVSRW4093-3XL,103
JOPLVSRW4093-M,104
JOPLVSRW4093-6XL,29
JOPLVSRW4093-4XL,26
JOPLVSRW4091-S,20
JOPLVSRW4091-6XL,1
JOPLVSRW4091-5XL,14
JOPLVSRW4114-M,72
JOPLVSRW4114-XXL,155
JOPLVSRW4114-XL,117
JOPLVSRW4114-L,38
JOPLVSRW4114-S,61
JOPLVSRW4114-4XL,101
JOPLVSRW4114-5XL,81
JOPLVSRW4114-3XL,51
JOPLVSRW4114-6XL,87
JOPLST10-M,1
JOPLST10-S,1
JOPLVSRW4147-XXL,516
JOPLVSRW4288-XL,70
JOPLVSRW4147-4XL,1021
JOPLVSRW4147-M,485
JOPLVSRW4288-M,7
JOPLVSRW4147-L,1095
JOPLVSRW4288-3XL,62
JOPLVSRW4147-S,400
JOPLVSRW4147-XL,1112
JOPLVSRW4288-L,39
JOPLVSRW4147-6XL,470
JOPLVSRW4288-S,64
JOPLVSRW4288-XXL,19
JOPLVSRW4147-5XL,804
JOPLVSRW4288-6XL,86
JOPLVSRW4147-3XL,658
JOPLVSRW4288-4XL,1
JOPLVSRW4288-5XL,3
JOPLVSRW4088-M,2
JOPLVSRW4088-XXL,1
JOPLVSRW4088-S,32
JOPLVSRW4088-4XL,10
JOPLVSRW4088-6XL,3
JOPLVSRW4088-5XL,9
JOPLVSRW4082-5XL,44
JOPLVSRW4082-S,80
JOPLVSRW4082-4XL,66
JOPLVSRW4082-XL,68
JOPLVSRW4082-XXL,55
JOPLVSRW4082-M,82
JOPLVSRW4082-6XL,66
JOPLVSRW4082-3XL,53
JOPLVSRW4082-L,87
JOPLVL305-6XL,19
JOPLVSRW4292-L,61
JOPLVSRW4292-6XL,170
JOPLVSRW4292-S,149
JOPLVSRW4292-5XL,192
JOPLVSRW4292-M,101
JOPLVSRW4292-XL,133
JOPLVSRW4292-3XL,18
JOPLVSRW4292-XXL,249
JOPLVSRW4292-4XL,168
JOPLVSRW4097-4XL,26
JOPLVSRW5172-XL,241
JOPLVSRW4097-XXL,103
JOPLVSRW5172-3XL,240
JOPLVSRW5172-6XL,172
JOPLVSRW5172-XXL,170
JOPLVSRW5172-M,54
JOPLVSRW4097-5XL,93
JOPLVSRW4097-XL,67
JOPLVSRW5172-S,66
JOPLVSRW4097-6XL,90
JOPLVSRW4097-S,115
JOPLVSRW5172-L,43
JOPLVSRW4097-L,83
JOPLVSRW4097-3XL,2
JOPLVSRW4097-M,79
JOPLVSRW5172-4XL,172
JOPLVSRW5172-5XL,169
JOPLVL305-4XL,7
JOPLNS4047E,1
JOPLVSRW4290-S,31
JOPLVSRW4290-3XL,109
JOPLVSRW4290-XXL,175
JOPLVSRW4290-XL,114
JOPLVSRW4290-L,63
JOPLVSRW4290-5XL,17
JOPLVSRW4290-M,77
JOPLVSRW4290-6XL,15
JOPLVSRW4290-4XL,92
JOPLVSRW1163-S,84
JOPLVSRW1163-5XL,23
JOPLVSRW1163-XXL,38
JOPLVSRW1163-4XL,54
JOPLVSRW1163-M,59
JOPLVSRW1163-XL,79
JOPLVSRW1163-3XL,69
JOPLVSRW1163-L,58
JOPLVSRW1163-6XL,3
JOPLVSRW5171-XXL,14
JOPLVSRW5171-3XL,49
JOPLVSRW5171-M,51
JOPLVSRW5171-S,48
JOPLVSRW5171-XL,60
JOPLVSRW5171-L,111
JOPLVSRW5171-5XL,6
JOPLVSRW4079-XXL,78
JOPLVSRW4079-3XL,9
JOPLVSRW4079-L,89
JOPLVSRW4079-6XL,95
JOPLVSRW4079-5XL,157
JOPLVSRW4079-XL,54
JOPLVSRW4079-4XL,138
JOPLVSRW4079-S,75
JOPLVSRW4079-M,72
JOPLVSRW4005-S,26
JOPLVSRW4005-L,202
JOPLVSRW4005-4XL,202
JOPLVSRW4005-6XL,239
JOPLVSRW4005-3XL,354
JOPLVSRW4005-XL,262
JOPLVSRW4005-5XL,238
JOPLVSRW4005-M,60
JOPLVSRW4005-XXL,425
JOPLVSRW4031-3XL,28
JOPLVSRW4031-S,108
JOPLVSRW4031-XXL,71
JOPLVSRW4031-4XL,58
JOPLVSRW4031-L,74
JOPLVSRW4031-6XL,83
JOPLVSRW4031-M,101
JOPLVSRW4031-XL,89
JOPLVSRW4031-5XL,62
JOPLJPR730-XS,70
JOPLJPR730-S,39
JOPLJPR730-XXL,4
JOPLJPR730-M,5
JOPLVSRW1167-S,6
JOPLVSRW1167-5XL,1
JOPLVSRW1167-M,1
JOPLVSRW1167-6XL,1
JOPLVSRW4286-6XL,75
JOPLVSRW4286-XXL,8
JOPLVSRW4286-3XL,84
JOPLVSRW4286-4XL,88
JOPLVSRW4286-5XL,114
JOPLVSRW4286-S,58
JOPLVSRW4286-M,79
JOPLVSRW4286-L,38
JOPLVSRW4286-XL,101
JOPLVSRW5169-6XL,5
JOPLVSRW5169-S,39
JOPLVSRW1164-3XL,101
JOPLVSRW1164-4XL,99
JOPLVSRW1164-S,26
JOPLVSRW1164-L,74
JOPLVSRW1164-5XL,92
JOPLVSRW1164-6XL,112
JOPLVSRW1164-XXL,106
JOPLVSRW1164-M,96
JOPLVSRW1164-XL,97
JOPLVSRW4291-6XL,6
JOPLVSRW4294-5XL,7
JOPLVSRW4294-XXL,1
JOPLVSRW4294-6XL,1
JOPLVSRW4294-S,2
JOPLMSFRTW1509B-4XL,1
JOPLVSRW4229-S,1
JOPLVSRW4096-S,44
JOPLVSRW4096-3XL,141
JOPLVSRW4096-M,90
JOPLVSRW4096-XXL,212
JOPLVSRW4096-5XL,59
JOPLVSRW4096-6XL,82
JOPLVSRW4096-L,98
JOPLVSRW4096-4XL,99
JOPLVSRW4096-XL,218
JOPLJPR856-M,20
JOPLRJN12-XXL,5
JOPLRJN12-M,9
JOPLRJN13-S,7
JOPLRJN13-M,9
JOPLRJN12-S,7
JOPLRJN13-L,7
JOPLRJN13-XL,10
JOPLRJN13-XXL,7
JOPLJPR856-L,6
JOPLRJN12-XL,9
JOPLRJN12-L,9
JOPLJPR856-S,11
JOPLST227-L,1
JOPLST229-S,25
JOPLST229-M,43
JOPLST227-S,4
JOPLST219-S,32
JOPLST224-S,1
JOPLST219-XXL,1
JOPLST226-XL,59
JOPLST226-S,48
JOPLST226-M,32
JOPLST226-L,47
JOPLST226-XXL,53
JOPLST228-L,25
JOPLST228-M,36
JOPLST228-XL,49
JOPLST228-XXL,49
JOPLST228-S,17
JOPLVSM5189,1
JOPLVSM5192,1
JOPLVSM5186,4
JOPLVSM5183,1
JOPLVSRW5174-M,1
JOPLVSRW5174-5XL,1
JOPLRJN15-S,10
JOPLRJN15-M,12
JOPLRJN15-L,11
JOPLRJN15-XL,13
JOPLRJN15-XXL,9
JOPLJPR740-XS,54
JOPLJPR741-S,146
JOPLJPR742-M,159
JOPLJPR742-XXL,63
JOPLJPR740-S,51
JOPLJPR742-XS,90
JOPLJPR740-XXL,47
JOPLJPR740-L,58
JOPLJPR742-XL,183
JOPLJPR742-S,52
JOPLJPR741-XXL,85
JOPLJPR741-M,51
JOPLJPR742-L,214
JOPLJPR741-L,96
JOPLJPR740-XL,34
JOPLJPR741-XS,102
JOPLJPR741-XL,85
JOPLST217-M,29
JOPLST217-S,4
JOPLST217-L,2
JOPLJPR747-S,10
JOPLJPR747-XS,8
JOPLJPR747-XL,11
JOPLRJN02-S,1
JOPLJPR747-L,60
JOPLJPR747-XXL,36
JOPLJPR747-M,4
JOPLVSRW5118-5XL,1
JOPLVSRW5118-M,1
JOPLVSRW5117-S,4
JOPLVSRW5122-S,12
JOPLVSRW5122-M,1
JOPLVSRW1091-6XL,3
JOPLVSRW1091-S,8
JOPLVSRW5173-6XL,1
JOPLVSRW5175-S,1
JOPLJPR860-L,1
JOPLVSRW1013-S,15
JOPLPT2960,1
JOPLST221-M,20
JOPLST222-XXL,1
JOPLST221-S,39
JOPLST222-XL,8
JOPLST221-L,15
JOPLST221-XXL,10
JOPLST222-M,1
JOPLST222-L,72
JOPLST222-S,18
JOPLST221-XL,37
JOPLJPR745-S,32
JOPLJPR756-S,1
JOPLJPR745-M,19
JOPLJPR745-XL,60
JOPLJPR745-L,33
JOPLJPR745-XS,62
JOPLJPR745-XXL,78
JOPLPDPRW1058-7XL,94
JOPLPDPRW1058-8XL,162
JOPLVSRW1013-5XL,3
JOPLLTRW2026-5XL,1
JOPLLTRW2025-S,2
JOPLJPR850-XXL,17
JOPLJPR850-S,18
JOPLJPR850-L,23
JOPLJPR850-XL,32
JOPLJPR850-M,19
JOPLVSRW4002-6XL,82
JOPLVSRW4002-4XL,262
JOPLVSRW4002-M,75
JOPLVSRW4002-XXL,217
JOPLVSRW4002-3XL,203
JOPLVSRW4002-5XL,144
JOPLVSRW4002-XL,273
JOPLVSRW4002-L,146
JOPLVSRW4002-S,101
JOPLST218-XL,1089
JOPLST218-L,1071
JOPLST218-S,791
JOPLST218-M,999
JOPLST218-XXL,698
JOPLST231-XL,1
JOPLST231-M,21
JOPLST231-XXL,12
JOPLST231-L,13
JOPLST231-S,5
JOPLLTRW2024-5XL,3
JOPLLTRW2024-6XL,1
JOPLLTRW2024-S,43
JOPLST703-M,46
JOPLLTRW2023-S,1
JOPLST703-L,64
JOPLST703-S,1
JOPLST703-XL,29
JOPLST703-XXL,109
JOPLLTRW2022-5XL,2
JOPLST230-L,8
JOPLST230-S,17
JOPLST230-XL,12
JOPLST230-M,9
JOPLST230-XXL,12
JOPLJPR767-XXL,41
JOPLJPR763-XL,197
JOPLJPR763-M,241
JOPLJPR767-XL,37
JOPLJPR763-L,203
JOPLJPR763-XS,101
JOPLJPR767-L,9
JOPLJPR767-M,5
JOPLJPR767-S,10
JOPLJPR763-S,248
JOPLJPR763-XXL,130
JOPLST15-S,2
JOPLST15-L,2
JOPLST216-L,1
JOPLST216-S,43
JOPLVSRW4082-7XL,48
JOPLVSRW4082-8XL,58
JOPLVSMRW3988-8XL,149
JOPLVSMRW3988-7XL,39
JOPLJPR848-S,18
JOPLJPR848-XXL,1
JOPLST235-S,2
JOPLST233-S,1
JOPLJPR852-S,29
JOPLJPR852-M,14
JOPLJPR757-L,79
JOPLJPR787-XXL,31
JOPLJPR852-XXL,21
JOPLJPR787-L,3
JOPLJPR787-M,3
JOPLJPR787-XL,18
JOPLJPR757-XS,74
JOPLJPR757-XL,81
JOPLJPR757-M,61
JOPLJPR852-L,13
JOPLJPR852-XL,40
JOPLJPR757-XXL,90
JOPLJPR757-S,87
JOPLPDPRW1006-8XL,26
JOPLST242-XXL,215
JOPLST242-XL,165
JOPLST242-S,45
JOPLST242-M,80
JOPLST242-L,144
JOPLST234-S,1
JOPLVSRW4093-8XL,73
JOPLVSRW4093-7XL,51
JOPLVSRW4088-8XL,96
JOPLVSRW4088-7XL,48
JOPLST236-L,1
JOPLVSRW1167-8XL,60
JOPLVSRW1167-7XL,3
JOPLJPR849-S,52
JOPLJPR849-M,50
JOPLJPR849-L,44
JOPLJPR849-XL,58
JOPLJPR849-XXL,47
JOPLST243-S,76
JOPLST243-L,61
JOPLST243-XL,70
JOPLST243-M,50
JOPLST243-XXL,28
JOPLLTRW2015-8XL,89
JOPLLTRW2015-7XL,103
JOPLVSRW4147-8XL,140
JOPLVSRW4147-7XL,223
JOPLVSRW4031-8XL,64
JOPLVSRW4031-7XL,68
JOPLVSMRW4250-7XL,62
JOPLVSMRW4250-8XL,225
JOPLJPR764-XXL,35
JOPLJPR779-XS,27
JOPLJPR765-XS,30
JOPLJPR779-L,70
JOPLJPR765-M,20
JOPLJPR753-XL,35
JOPLJPR751-XL,44
JOPLJPR765-XXL,48
JOPLJPR764-L,28
JOPLJPR851-XXL,47
JOPLJPR751-L,111
JOPLJPR764-M,24
JOPLJPR778-XS,101
JOPLJPR751-S,39
JOPLJPR765-XL,30
JOPLJPR851-XL,1
JOPLJPR779-XXL,72
JOPLJPR778-M,43
JOPLJPR778-S,78
JOPLJPR779-S,32
JOPLJPR753-M,13
JOPLJPR753-L,16
JOPLJPR753-S,6
JOPLJPR751-XS,60
JOPLJPR779-M,37
JOPLJPR778-L,75
JOPLJPR753-XXL,47
JOPLJPR751-M,116
JOPLJPR751-XXL,68
JOPLJPR764-XL,35
JOPLJPR778-XL,51
JOPLJPR764-XS,40
JOPLJPR779-XL,88
JOPLJPR765-L,16
JOPLJPR851-S,1
JOPLJPR764-S,29
JOPLJPR778-XXL,75
JOPLJPR765-S,26
JOPLJPR753-XS,9
JOPLVSRW4005-7XL,181
JOPLVSRW4005-8XL,73
JOPLRJN21-XL,9
JOPLJPR752-XXL,68
JOPLJPR752-XL,65
JOPLRJN21-S,8
JOPLJPR752-M,50
JOPLJPR752-XS,49
JOPLJPR752-S,37
JOPLJPR755-L,18
JOPLJPR755-XXL,14
JOPLJPR752-L,27
JOPLRJN21-L,6
JOPLJPR755-XS,41
JOPLJPR755-S,13
JOPLJPR755-XL,34
JOPLRJN21-M,11
JOPLRJN21-XXL,8
JOPLJPR755-M,4
JOPLLTRW2017-7XL,164
JOPLLTRW2017-8XL,302
JOPLST247-XXL,1
JOPLST247-S,1
JOPLST249-L,1
JOPLST249-XXL,1
JOPLJPR68B-5XL,76
JOPLJPR68B-6XL,90
JOPLST248-XL,1
JOPLST248-XXL,1
JOPLST248-L,1
JOPLST248-M,1
JOPLJPR858-S,18
JOPLJPR858-M,9
JOPLRJN14-XL,7
JOPLJPR858-XXL,14
JOPLRJN14-L,1
JOPLJPR858-L,3
JOPLRJN14-XXL,11
JOPLRJN16-XL,11
JOPLRJN16-XXL,38
JOPLJPR706-3XL,45
JOPLJPR706-4XL,27
JOPLJPR852-4XL,4
JOPLJPR852-3XL,7
JOPLJPR68D-5XL,27
JOPLJPR858-XL,8
JOPLJPR68D-6XL,5
JOPLVSRW4292-8XL,2
JOPLVSRW4292-7XL,2
JOPLNB205A,3
JOPLAI1010D,6
JOPLJPR762-XXL,44
JOPLJPR68C-6XL,45
JOPLJPR762-XS,39
JOPLJPR762-L,4
JOPLJPR68C-5XL,12
JOPLJPR762-S,18
JOPLJPR762-XL,43
JOPLVSMRW4281-8XL,92
JOPLVSRW4199-5XL,1
JOPLVSRW4096-8XL,44
JOPLVSRW4096-7XL,46
JOPLVSMRW4281-7XL,94
JOPLVSRW4167-S,1
JOPLVSRW4184-6XL,1
JOPLVSRW4197-S,2
JOPLVSRW4079-7XL,44
JOPLVSRW4184-L,1
JOPLVSRW4184-M,1
JOPLVSRW4183-XXL,1
JOPLVSRW4183-4XL,1
JOPLVSRW4183-S,1
JOPLVSRW4197-6XL,1
JOPLVSRW4079-8XL,61
JOPLVSRW4197-4XL,1
JOPLVSRW4183-L,1
JOPLVSRW4197-XXL,5
JOPLVSRW4183-6XL,1
JOPLVSRW4181-3XL,1
JOPLVSRW4181-5XL,2
JOPLVSRW4181-S,12
JOPLVSMRW5156-7XL,88
JOPLVSRW4222-3XL,1
JOPLVSRW4222-6XL,2
JOPLVSRW4181-M,1
JOPLVSRW4181-XL,1
JOPLVSRW4181-4XL,2
JOPLVSMRW5156-8XL,33
JOPLVSRW4181-6XL,4
JOPLVSRW4182-5XL,2
JOPLVSRW4182-4XL,2
JOPLVSRW4182-S,3
JOPLVSRW4182-6XL,1
JOPLVSRW4278-6XL,1
JOPLVSRW4182-3XL,1
JOPLVSRW5173-8XL,12
JOPLVSMRW5160-7XL,72
JOPLVSMRW5160-8XL,95
JOPLJPR785-XXL,3
JOPLJPR785-M,1
JOPLJPR785-S,7
JOPLJPR785-XS,6
JOPLVSMRW5159-10XL,3
JOPLVSRW4292-10XL,59
JOPLVSRW4286-7XL,73
JOPLVSRW4292-9XL,86
JOPLPDPRW1058-9XL,33
JOPLVSRW4286-8XL,71
JOPLPDPRW1058-10XL,36
JOPLPDPRW1006-10XL,14
JOPLVSMRW5156-9XL,53
JOPLVSRW4096-9XL,44
JOPLVSRW4147-9XL,129
JOPLVSRW4082-9XL,36
JOPLVSRW4005-9XL,66
JOPLVSRW4114-8XL,47
JOPLPDPRW1006-9XL,60
JOPLVSRW4114-7XL,56
JOPLVSRW4114-10XL,16
JOPLVSRW5122-10XL,4
JOPLVSRW5122-7XL,1
JOPLLTRW2017-9XL,134
JOPLVSRW4082-10XL,40
JOPLVSRW4147-10XL,135
JOPLVSRW4093-10XL,73
JOPLLTRW2017-10XL,53
JOPLVSRW4114-9XL,90
JOPLVSRW4096-10XL,49
JOPLVSMRW5156-10XL,75
JOPLVSRW4005-10XL,29
JOPLVSRW4093-9XL,57
JOPLVSRW5122-9XL,22
JOPLLTRW2015-10XL,114
JOPLLTRW2015-9XL,146
JOPLLTRW2007-7XL,123
JOPLLTRW2007-10XL,79
JOPLLTRW2007-8XL,58
JOPLLTRW2007-9XL,39
JOPLJPR773-L,22
JOPLJPR773-S,39
JOPLJPR737-XL,28
JOPLJPR737-L,12
JOPLJPR773-XXL,57
JOPLJPR737-S,33
JOPLJPR773-XL,73
JOPLJPR773-XS,6
JOPLJPR737-M,33
JOPLJPR773-M,15
JOPLJPR737-XS,37
JOPLJPR737-XXL,23
JOPLST703-3XL,34
JOPLLTRW2013-9XL,15
JOPLLTRW2013-8XL,41
JOPLLTRW2013-10XL,21
JOPLLTRW2013-7XL,89
JOPLLTRW2018-7XL,78
JOPLLTRW2018-9XL,32
JOPLLTRW2018-8XL,53
JOPLJPR865-S,19
JOPLJPR865-M,18
JOPLJPR865-L,15
JOPLJPR865-XL,26
JOPLJPR865-XXL,15
JOPLJPR138-S,255
JOPLJPR138-XXL,243
JOPLJPR138-XL,259
JOPLJPR138-M,129
JOPLJPR138-L,320
JOPLST245-XXL,2
JOPLST246-XL,1
JOPLST246-L,2
JOPLVSMRW4250-10XL,155
JOPLVSMRW4250-9XL,232
JOPLST730-S,9
JOPLST729-M,2
JOPLST730-XXL,1
JOPLST729-S,9
JOPLST723-S,10
JOPLST731-S,1
JOPLJPR733-XL,25
JOPLJPR770-XXL,7
JOPLJPR750-S,101
JOPLJPR733-XXL,30
JOPLJPR750-XL,28
JOPLJPR750-L,120
JOPLJPR733-S,28
JOPLJPR750-M,105
JOPLJPR750-XXL,49
JOPLJPR703-3XL,22
JOPLRJN19-XL,1
JOPLRJN19-L,1
JOPLJPR733-L,36
JOPLJPR733-XS,25
JOPLJPR750-XS,96
JOPLJPR733-M,31
JOPLRJN19-XXL,7
JOPLST726-S,3
JOPLST726-L,2
JOPLVSMRW4285-8XL,20
JOPLVSMRW4285-10XL,16
JOPLVSM5193,1
JOPLST244-XXL,1
JOPLST244-S,3
JOPLVSMRW4285-9XL,40
JOPLST244-M,10
JOPLST244-XL,1
JOPLST244-L,5
JOPLST725-S,4
JOPLST725-M,6
JOPLST725-XXL,6
JOPLST727-S,5
JOPLST725-XL,3
JOPLST725-L,11
JOPLVSMRW4284-7XL,85
JOPLVSMRW4284-9XL,46
JOPLVSMRW4284-8XL,106
JOPLVSMRW4284-10XL,32
JOPLST728-XXL,9
JOPLST728-S,17
JOPLST728-M,6
JOPLST201-6XL,75
JOPLST201-4XL,97
JOPLST201-3XL,89
JOPLST201-5XL,83
JOPLJPR786-S,39
JOPLJPR786-M,36
JOPLJPR786-XXL,76
JOPLJPR786-XL,49
JOPLJPR786-XS,69
JOPLJPR786-L,43
JOPLVSMRW3988-10XL,41
JOPLVSMRW3988-9XL,52
JOPLVSMRW5149-7XL,76
JOPLVSMRW5149-8XL,90
JOPLRJN17-M,23
JOPLRJN17-L,25
JOPLRJN17-XL,29
JOPLRJN17-S,19
JOPLJPR791-XXL,13
JOPLJPR791-XL,7
JOPLRJN17-XXL,28
JOPLVSRW5193-L,37
JOPLVSRW5193-7XL,53
JOPLVSRW5193-XL,177
JOPLVSRW5193-6XL,122
JOPLVSRW5193-3XL,178
JOPLVSRW5193-4XL,307
JOPLVSRW5193-8XL,57
JOPLVSRW5193-M,157
JOPLVSRW5193-5XL,77
JOPLVSRW5193-9XL,50
JOPLVSRW5193-10XL,18
JOPLVSRW5193-XXL,51
JOPLVSRW5193-S,39
JOPLSRS1102J,2
JOPLST256-XXL,5
JOPLST258-L,2
JOPLST256-S,17
JOPLST256-M,13
JOPLST258-S,13
JOPLST258-M,3
JOPLST256-XL,2
JOPLST256-L,11
JOPLMSFRTW1509B-M,3
JOPLST257-M,22
JOPLST257-XXL,21
JOPLST257-L,23
JOPLST257-XL,16
JOPLST257-S,24
JOPLMSFRTW1509B-S,5
JOPLDI1072,14
JOPLDI1070,22
JOPLDI1064,21
JOPLVSM5172,1
JOPLDI1062,17
JOPLDI1068,13
JOPLDI1065,12
JOPLDI1061,24
JOPLDI1063,30
JOPLDI1069,23
JOPLRJN20-XL,1
JOPLJPR4019-M,13
JOPLJPR213-XL,30
JOPLJPR213-XXL,31
JOPLJPR4019-S,33
JOPLJPR211-3XL,19
JOPLJPR213-M,36
JOPLJPR4019-3XL,16
JOPLJPR211-L,14
JOPLJPR211-XL,18
JOPLJPR213-3XL,31
JOPLJPR4029-S,5
JOPLJPR4019-XXL,25
JOPLJPR4029-L,1
JOPLJPR141-XS,20
JOPLJPR213-L,32
JOPLJPR4019-XL,17
JOPLJPR4019-L,27
JOPLST722-XL,1
JOPLST716-S,3
JOPLST720-M,1
JOPLST720-XXL,8
JOPLST722-S,2
JOPLST720-S,7
JOPLST716-XL,9
JOPLST722-M,1
JOPLST716-M,1
JOPLST721-L,1
JOPLST716-XXL,1
JOPLST719-XXL,1
JOPLST719-XL,1
VRY01-M,22
VRY02-L,46
VRY02-M,11
VRY02-XL,2
VRY03-L,3
VRY03-M,4
VRY04-M,6
VRY06-L,39
VRY06-M,25
VRY06-XL,65
VRY06-XXL,56
VRY07-L,3
VRY07-M,5
VRY09-M,6
VRY12-M,13
VRY13-M,13
VRY16-L,11
VRY16-M,8
VRY16-XL,4
VRY16-XXL,1
VRY21-L,13
VRY21-M,6
VRY21-S,3
VRY21-XXL,7
JOPLVSM4294,27
JOPLJPR4021-XXL,3
JOPLCS111-L,41
JOPLJPR211-XXL,27
JOPLJPR4021-M,40
JOPLJPR4021-S,46
JOPLJPR4021-XL,1
JOPLJPR216-XXL,20
JOPLCS111-S,48
JOPLJPR2002-XS,15
JOPLJPR211-M,27
JOPLCS111-XXL,36
JOPLCS111-XL,25
JOPLJPR4021-L,50
JOPLJPR216-M,5
JOPLJPR143-XS,5
JOPLJPR216-L,23
JOPLCS111-M,46
JOPLCS111-XS,33
JOPLJPR142-XXL,2
JOPLJPR142-XS,19
JOPLJPR142-M,6
JOPLJPR142-S,14
JOPLJPR142-L,8
JOPLST712-L,11
JOPLST711-S,1
JOPLST712-XL,21
JOPLST734-XL,20
JOPLST713-S,3
JOPLST712-S,16
JOPLJPR4024-M,1
JOPLJPR844-XL,2
JOPLJPR844-L,10
JOPLJPR4024-S,1
JOPLJPR782-M,1
JOPLJPR844-M,10
JOPLJPR844-XXL,5
JOPLJPR844-S,2
JOPLST734-XXL,14
JOPLST734-L,10
JOPLST734-S,2
JOPLST734-3XL,1
JOPLJPR783-L,8
JOPLJPR2004-M,10
JOPLJPR2004-L,6
JOPLJPR783-S,20
JOPLJPR783-XXL,12
JOPLJPR2004-XL,6
JOPLJPR2004-S,15
JOPLJPR216-XL,9
JOPLJPR2004-XS,18
JOPLJPR783-M,15
JOPLJPR783-XL,11
JOPLJPR216-3XL,32
JOPLJPR2004-XXL,8
JOPLJPR783-XS,17
JOPLST243-3XL,4
JOPLST739-3XL,1
JOPLST739-XXL,7
JOPLST739-L,10
JOPLST739-S,10
JOPLST739-M,1
JOPLST739-XL,1
JOPLST732-S,33
JOPLST738-S,12
JOPLST732-L,53
JOPLST733-M,1
JOPLST736-XL,4
JOPLST736-S,2
JOPLST732-XL,39
JOPLST732-M,14
JOPLST732-3XL,16
JOPLST736-L,1
JOPLST738-L,1
JOPLST732-XXL,49
JOPLST733-XXL,8
JOPLST736-XXL,1
JOPLST738-XXL,1
JOPLVSRW4136-6XL,1
JOPLJPR7003-XL,5
JOPLJPR4027-3XL,11
JOPLJPR7003-XXL,8
JOPLJPR7001-XXL,1
JOPLJPR4027-L,12
JOPLJPR4028-S,5
JOPLJPR4027-M,11
JOPLJPR4027-XXL,14
JOPLJPR7001-L,1
JOPLJPR7001-XL,1
JOPLJPR4027-S,24
JOPLJPR4027-XL,13
JOPLST218-6XL,105
JOPLST218-4XL,230
JOPLST218-3XL,344
JOPLST218-5XL,182
JOPLVSRW5202-M,54
JOPLVSRW5207-5XL,54
JOPLVSRW5207-XXL,81
JOPLVSRW5202-5XL,69
JOPLST267-XL,1
JOPLVSRW5202-S,95
JOPLVSRW5207-6XL,46
JOPLVSRW5207-XL,84
JOPLVSRW5202-L,19
JOPLVSRW5207-S,48
JOPLVSRW5207-4XL,38
JOPLST267-S,1
JOPLVSRW5202-3XL,134
JOPLVSRW5202-6XL,143
JOPLVSRW5207-M,49
JOPLVSRW5202-XXL,248
JOPLVSRW5202-4XL,112
JOPLVSRW5207-L,44
JOPLVSRW5202-XL,78
JOPLVSRW5207-3XL,49
JOPLVSRW5205-3XL,3
JOPLVSRW5204-5XL,19
JOPLVSRW5204-XL,4
JOPLVSRW5204-3XL,1
JOPLVSRW5205-6XL,57
JOPLVSRW5204-S,54
JOPLVSRW5205-XL,6
JOPLVSRW5204-XXL,2
JOPLVSRW5204-M,31
JOPLVSRW5205-L,47
JOPLVSRW5204-4XL,18
JOPLVSRW5205-5XL,31
JOPLVSRW5204-6XL,2
JOPLVSRW5205-S,54
JOPLST264-M,9
JOPLST262-L,1
JOPLST264-L,1
JOPLVSRW5204-L,36
JOPLVSRW5205-M,53
JOPLVSRW5205-4XL,35
JOPLVSRW5203-5XL,127
JOPLVSRW5206-S,71
JOPLVSRW5203-XXL,219
JOPLVSRW5206-L,19
JOPLVSRW5206-M,40
JOPLVSRW5203-L,65
JOPLVSRW5203-6XL,118
JOPLVSRW5203-XL,182
JOPLVSRW5203-4XL,137
JOPLVSRW5206-4XL,34
JOPLVSRW5203-S,45
JOPLVSRW5206-6XL,57
JOPLVSRW5206-3XL,4
JOPLVSRW5203-3XL,229
JOPLST263-M,1
JOPLVSRW5203-M,57
JOPLST263-L,1
JOPLST263-S,9
JOPLVSRW5206-5XL,34
JOPLST242-3XL,48
JOPLST242-4XL,26
JOPLST242-6XL,65
JOPLST242-5XL,67
JOPLJPR306-S,18
JOPLJPR306-XXL,10
JOPLJPR326-M,13
JOPLJPR326-L,5
JOPLJPR326-S,15
JOPLJPR4041-XL,9
JOPLJPR326-XS,15
JOPLJPR4041-S,12
JOPLJPR4030-M,2
JOPLJPR4030-L,1
JOPLJPR7002-L,1
JOPLJPR308-S,17
JOPLJPR7002-XXL,1
JOPLJPR326-XXL,15
JOPLJPR4049-L,40
JOPLJPR308-XXL,2
JOPLJPR799-XXL,1
JOPLJPR799-XL,1
JOPLJPR4049-M,45
JOPLJPR4041-L,8
JOPLJPR308-XL,1
JOPLJPR4049-S,39
JOPLJPR4041-XXL,20
JOPLJPR326-XL,16
JOPLJPR308-XS,1
JOPLJPR4041-3XL,13
JOPLJPR324-L,11
JOPLJPR4034-3XL,2
JOPLJPR4034-XXL,8
JOPLJPR325-S,9
JOPLJPR325-XS,40
JOPLJPR325-XXL,17
JOPLJPR324-M,14
JOPLJPR4034-M,1
JOPLJPR325-L,33
JOPLJPR4040-S,7
JOPLJPR325-XL,27
JOPLJPR324-XS,13
JOPLJPR4034-S,1
JOPLJPR324-XXL,11
JOPLJPR324-XL,14
JOPLJPR4036-L,1
JOPLJPR324-S,9
JOPLJPR4047-S,1
JOPLRJN10-XL,5
JOPLJPR328-XL,1
JOPLRJN10-M,7
JOPLRJN10-XXL,10
JOPLJPR327-XL,3
JOPLJPR328-XXL,2
JOPLJPR327-S,6
JOPLJPR328-S,2
JOPLJPR325-M,9
JOPLJPR4051-XL,4
JOPLJPR327-XXL,4
JOPLRJN10-L,10
JOPLJPR4047-3XL,1
JOPLJPR4051-XXL,6
JOPLJPR4051-3XL,3
JOPLRJN10-S,7
JOPLLT7088,1
JOPLJPR4033-M,3
JOPLJPR4033-S,7
JOPLJPR215-XXL,6
JOPLJPR4033-3XL,2
JOPLJPR215-XL,14
JOPLJPR4023-M,10
JOPLJPR215-3XL,14
JOPLJPR4023-L,1
JOPLJPR215-L,22
JOPLJPR215-M,20
JOPLJPR4023-XXL,14
JOPLJPR4023-S,31
JOPLJPR862-XL,5
JOPLJPR322-XXL,44
JOPLJPR332-XS,14
JOPLJPR4018-XXL,62
JOPLJPR322-L,41
JOPLJPR322-XL,49
JOPLJPR7004-XXL,60
JOPLJPR862-S,25
JOPLJPR4018-L,53
JOPLJPR4018-XL,54
JOPLJPR862-L,17
JOPLJPR332-S,2
JOPLJPR4018-3XL,49
JOPLJPR322-M,53
JOPLJPR862-M,30
JOPLJPR322-S,49
JOPLJPR322-XS,44
JOPLJPR862-XXL,4
JOPLJPR4018-S,69
JOPLJPR7004-L,2
JOPLJPR4018-M,49
JOPLRJN09-L,11
JOPLRJN09-S,10
JOPLRJN09-M,11
JOPLRJN09-XXL,8
JOPLRJN09-XL,11
JOPLVSRW4031-10XL,149
JOPLVSRW4031-9XL,163
JOPLJPR333-XXL,4
JOPLJPR4020-XL,61
JOPLJPR4020-S,98
JOPLJPR4020-3XL,56
JOPLJPR333-L,2
JOPLJPR209-XL,1
JOPLJPR209-XXL,25
JOPLJPR333-M,1
JOPLJPR4020-XXL,58
JOPLJPR4020-L,72
JOPLJPR333-XS,15
JOPLJPR209-3XL,28
JOPLJPR333-S,12
JOPLJPR4020-M,85
JOPLJPR333-XL,3
JOPLST740-M,1
JOPLST743-L,1
JOPLST743-S,6
JOPLAI1010E,1
JOPLST744-L,10
JOPLST503-XXL,14
JOPLST744-M,20
JOPLST741-M,1
JOPLJPR4052-S,56
JOPLJPR331-XS,7
JOPLCS113-S,39
JOPLJPR2010-XS,13
JOPLCS113-XS,43
JOPLJPR2010-L,1
JOPLCS113-M,30
JOPLJPR4052-3XL,66
JOPLJPR4052-XXL,53
JOPLCS113-XL,9
JOPLJPR4052-XL,42
JOPLJPR4052-M,35
JOPLJPR4052-L,38
JOPLJPR4046-XL,1
JOPLJPR331-XXL,1
JOPLJPR866-XXL,1
JOPLJPR798-XXL,9
JOPLVL295-4XL,1
JOPLJPR7006-S,217
JOPLJPR7006-XXL,56
JOPLJPR137-L,1
JOPLCS113-XXL,14
JOPLJPR866-4XL,2
JOPLJPR7006-M,190
JOPLJPR7006-XL,76
JOPLJPR7006-L,173
JOPLCS113-L,19
JOPLJPR866-3XL,1
JOPLVL295-3XL,1
JOPLJPR7006-XS,48
JOPLJPR513-L,171
JOPLST744-S,3
JOPLJPR513-M,127
JOPLST744-XXL,9
JOPLJPR513-XXL,166
JOPLST744-XL,4
JOPLJPR513-XL,166
JOPLVSMRW4281-9XL,34
JOPLJPR513-S,82
JOPLVSMRW4281-10XL,55
JOPLVSRW5171-9XL,55
JOPLVSRW5171-7XL,2
JOPLVSRW5171-8XL,1
JOPLVSRW1163-8XL,56
JOPLVSRW1163-10XL,62
JOPLVSRW5171-10XL,8
JOPLVSRW1163-7XL,12
JOPLVSRW1163-9XL,61
JOPLJPR796-XXL,2
JOPLJPR796-S,4
JOPLJPR204-XL,9
JOPLJPR204-XXL,18
JOPLJPR204-L,13
JOPLJPR204-3XL,17
JOPLJPR204-M,6
JOPLVSRW4286-9XL,63
JOPLVSRW4286-10XL,34
JOPLVSRW4088-9XL,84
JOPLVSRW4088-10XL,42
JOPLJPR4053-S,33
JOPLJPR4053-XL,47
JOPLJPR734-L,7
JOPLJPR7007-L,12
JOPLJPR734-XS,7
JOPLJPR7013-XL,12
JOPLJPR7007-XS,45
JOPLJPR7013-L,10
JOPLJPR7007-XL,57
JOPLJPR7013-XS,16
JOPLJPR4053-XXL,71
JOPLJPR4053-L,47
JOPLJPR7007-S,31
JOPLJPR734-XXL,58
JOPLJPR7013-S,12
JOPLJPR734-XL,38
JOPLJPR7013-XXL,15
JOPLJPR4053-3XL,68
JOPLJPR4053-M,52
JOPLJPR734-S,7
JOPLJPR7007-XXL,68
JOPLVSRW4288-8XL,115
JOPLVSRW4288-10XL,74
JOPLVSRW4288-7XL,33
JOPLVSRW4288-9XL,92
JOPLVSRW4091-9XL,39
JOPLVSRW4091-10XL,34
JOPLJPR327-XS,8
JOPLJPR864-S,23
JOPLJPR864-M,13
JOPLJPR864-4XL,7
JOPLJPR864-XL,23
JOPLJPR144-M,47
JOPLJPR144-L,51
JOPLJPR864-3XL,1
JOPLJPR144-XXL,40
JOPLJPR864-L,43
JOPLJPR144-S,62
JOPLJPR144-XL,50
JOPLJPR864-XXL,39
JOPLVSRW5208-6XL,75
JOPLVSRW5210-XL,28
JOPLVSRW5177-S,13
JOPLVSRW5210-XXL,44
JOPLVSRW5177-6XL,1
JOPLVSRW5208-XXL,46
JOPLVSRW5208-L,85
JOPLST271-XL,6
JOPLVSRW5208-4XL,82
JOPLVSRW5177-5XL,6
JOPLVSRW5208-3XL,69
JOPLVSRW5210-6XL,88
JOPLST271-L,1
JOPLST271-S,22
JOPLVSRW5210-4XL,99
JOPLVSRW5208-XL,77
JOPLVSRW5208-5XL,87
JOPLVSRW5210-5XL,112
JOPLVSRW5210-M,59
JOPLVSRW5210-L,57
JOPLVSRW5208-S,102
JOPLVSRW5208-M,96
JOPLVSRW5210-S,104
JOPLVSRW5210-3XL,98
JOPLST270-L,20
JOPLVSRW5209-S,77
JOPLST270-XXL,45
JOPLVSRW5209-4XL,76
JOPLVSRW5176-6XL,1
JOPLVSRW5209-5XL,72
JOPLVSRW5209-L,15
JOPLVSRW5209-M,3
JOPLVSRW5209-6XL,62
JOPLVSRW5209-3XL,30
JOPLST270-XL,9
JOPLVSRW5163-S,19
JOPLST270-S,20
JOPLST270-M,11
JOPLST271-M,12
JOPLST271-XXL,20
JOPLVSRW5163-M,1
JOPLJPR514-S,4
JOPLJPR514-XL,1
JOPLJPR139-S,6
JOPLJPR139-L,6
JOPLJPR139-XXL,1
JOPLJPR139-M,7
JOPLVSRW1167-9XL,29
JOPLVSRW1167-10XL,30
JOPLVSRW4133-6XL,1
JOPLJPR512-L,122
JOPLJPR512-M,107
JOPLJPR512-XL,93
JOPLJPR512-XXL,93
JOPLJPR512-S,95
JOPLST268-S,4
JOPLST268-L,2
JOPLST268-XXL,17
JOPLJPR4025-M,3
JOPLJPR4025-XXL,1
JOPLJPR4025-3XL,1
JOPLJPR337-XXL,5
JOPLJPR334-XS,5
JOPLJPR334-XXL,6
JOPLJPR4026-XXL,43
JOPLJPR337-XS,3
JOPLJPR4026-L,35
JOPLJPR334-XL,2
JOPLJPR334-S,2
JOPLJPR337-XL,4
JOPLJPR337-S,4
JOPLJPR4026-S,7
JOPLJPR337-M,1
JOPLJPR4026-M,25
JOPLJPR4026-3XL,29
JOPLJPR4026-XL,33
JOPLLTRW2016-10XL,15
JOPLLTRW2016-9XL,56
JOPLLTRW2016-8XL,27
JOPLJPR306-XS,32
JOPLJPR306-XL,16
JOPLJPR306-L,15
JOPLJPR306-M,13
JOPLJPR335-M,1
JOPLJPR335-XL,9
JOPLJPR336-XS,16
JOPLJPR335-XXL,6
JOPLJPR336-XL,3
JOPLJPR335-XS,12
JOPLJPR336-S,8
JOPLJPR335-S,8
JOPLJPR336-XXL,7
JOPLVSRW5172-10XL,25
JOPLVSRW5172-9XL,59
JOPLVSRW5172-7XL,142
JOPLVSRW5172-8XL,40
JOPLVSRW4290-8XL,58
JOPLVSRW4290-10XL,78
JOPLVSRW4290-9XL,81
JOPLVSRW4290-7XL,41
JOPLVSMRW4132-10XL,29
JOPLVSMRW4132-9XL,20
JOPLVSRW4002-10XL,68
JOPLVSMRW4132-8XL,20
JOPLVSMRW4132-7XL,6
JOPLVSRW4002-9XL,83
JOPLVSRW4002-8XL,68
JOPLVSRW4002-7XL,39
JOPLCS108-M,23
JOPLCS108-XL,41
JOPLJPR311-XXL,27
JOPLJPR311-XL,71
JOPLCS108-XXL,53
JOPLCS108-L,34
JOPLJPR311-XS,86
JOPLCS108-S,40
JOPLJPR311-S,86
JOPLCS108-XS,34
JOPLJPR7023-XS,6
JOPLJPR7023-XXL,15
JOPLJPR7023-S,2
JOPLJPR7023-XL,23
JOPLJPR7023-M,1
JOPLJPR311-M,68
JOPLJPR311-L,47
JOPLJPR7023-L,11
JOPLJPR321-XXL,2
JOPLJPR758-XXL,19
JOPLJPR321-M,2
JOPLJPR321-XS,1
JOPLJPR321-S,6
JOPLJPR321-L,2
JOPLJPR7021-XXL,60
JOPLJPR4056-L,4
JOPLJPR7021-XS,63
JOPLJPR4056-3XL,14
JOPLJPR4056-XL,8
JOPLJPR7021-L,21
JOPLJPR7021-M,15
JOPLJPR7021-XL,40
JOPLJPR4056-M,1
JOPLJPR4056-XXL,19
JOPLJPR7021-S,70
JOPLJPR516-S,7
JOPLJPR518-XL,180
JOPLJPR518-XXL,156
JOPLJPR515-XXL,86
JOPLJPR515-S,166
JOPLJPR518-L,165
JOPLJPR518-M,175
JOPLJPR515-M,182
JOPLJPR515-XL,108
JOPLJPR518-S,102
JOPLJPR515-L,90
JOPLST273-XXL,28
JOPLST273-S,34
JOPLST273-L,54
JOPLST273-XL,29
JOPLST273-M,24
JOPLJPR4013-M,15
JOPLJPR4007-M,39
JOPLJPR206-3XL,8
JOPLJPR4007-XL,43
JOPLJPR4013-XXL,25
JOPLJPR4007-L,30
JOPLJPR7014-XXL,2
JOPLJPR4007-XXL,26
JOPLJPR4013-S,18
JOPLJPR4007-3XL,32
JOPLJPR206-XL,7
JOPLJPR4007-S,27
JOPLJPR4013-XL,21
JOPLJPR4013-L,22
JOPLJPR206-XXL,29
JOPLJPR4013-3XL,24
JOPLJPR323-XS,7
JOPLJPR342-XXL,36
JOPLJPR342-XL,41
JOPLJPR323-L,2
JOPLJPR323-XXL,13
JOPLJPR340-XL,30
JOPLJPR342-L,45
JOPLJPR340-XS,40
JOPLJPR340-S,31
JOPLJPR340-XXL,25
JOPLJPR340-M,30
JOPLJPR323-XL,1
JOPLJPR342-XS,40
JOPLJPR323-M,1
JOPLJPR340-L,23
JOPLJPR342-M,41
JOPLJPR342-S,24
JOPLJPR338-S,11
JOPLJPR338-XXL,24
JOPLJPR338-XS,26
JOPLJPR338-L,4
JOPLJPR338-XL,18
JOPLJPR346-L,34
JOPLJPR346-XL,29
JOPLJPR346-S,25
JOPLJPR201-M,10
JOPLJPR201-L,6
JOPLJPR201-XXL,6
JOPLJPR346-M,30
JOPLJPR346-XXL,41
JOPLJPR346-XS,35
JOPLJPR7017-XL,85
JOPLJPR7017-M,71
JOPLJPR7017-S,76
JOPLJPR7017-XXL,67
JOPLJPR7017-L,78
JOPLJPR7017-XS,71
JOPLJPR4011-L,21
JOPLCS107-XS,19
JOPLCS107-S,10
JOPLJPR7022-S,85
JOPLJPR2006-XL,37
JOPLJPR2006-XS,48
JOPLJPR2006-XXL,36
JOPLJPR4015-XXL,29
JOPLJPR4015-L,19
JOPLCS107-M,33
JOPLJPR4011-XL,20
JOPLJPR7022-XL,78
JOPLJPR7022-M,74
JOPLJPR2006-L,43
JOPLCS107-L,22
JOPLJPR4015-S,35
JOPLJPR7022-L,76
JOPLCS107-XL,5
JOPLJPR4011-S,4
JOPLJPR4015-M,30
JOPLJPR2006-S,45
JOPLJPR4011-3XL,32
JOPLJPR4015-XL,27
JOPLJPR4011-XXL,31
JOPLJPR4011-M,17
JOPLJPR7022-XS,79
JOPLJPR4015-3XL,28
JOPLJPR2006-M,40
JOPLJPR7022-XXL,88
JOPLVSRW5203-10XL,34
JOPLVSRW5203-9XL,39
JOPLVSRW5203-7XL,51
JOPLJPR7020-XL,36
JOPLJPR348-XL,37
JOPLJPR348-S,33
JOPLJPR7020-XXL,37
JOPLJPR348-XXL,26
JOPLJPR7020-S,53
JOPLJPR7020-XS,68
JOPLJPR348-L,40
JOPLJPR348-M,60
JOPLJPR348-XS,36
JOPLJPR7020-L,14
JOPLJPR7020-M,4
JOPLVSM4011,1
JOPLVSRW5202-8XL,128
JOPLVSRW5202-9XL,141
JOPLVSRW5202-7XL,127
JOPLVSRW5202-10XL,101
JOPLVSRW5203-8XL,22
JOPLVSMRW5160-10XL,90
JOPLVSMRW5160-9XL,116
JOPLJPR4005-XXL,1
JOPLJPR349-XL,26
JOPLJPR5001-M,26
JOPLJPR5001-XL,26
JOPLJPR5004-XL,8
JOPLJPR343-S,17
JOPLJPR5001-L,26
JOPLJPR349-L,35
JOPLJPR4005-S,28
JOPLJPR5001-XS,29
JOPLJPR5004-S,18
JOPLJPR349-S,43
JOPLJPR7016-XL,21
JOPLJPR5004-XXL,18
JOPLJPR349-M,43
JOPLJPR343-XXL,65
JOPLJPR7016-XS,64
JOPLJPR7016-S,71
JOPLJPR343-XS,30
JOPLJPR5001-S,27
JOPLJPR343-L,43
JOPLJPR5004-L,5
JOPLJPR5004-M,7
JOPLJPR7016-L,21
JOPLJPR349-XS,42
JOPLJPR343-XL,44
JOPLJPR349-XXL,33
JOPLJPR5001-XXL,29
JOPLJPR7016-M,2
JOPLJPR4005-3XL,1
JOPLJPR5004-XS,21
JOPLJPR343-M,4
JOPLJPR7016-XXL,24
JOPLJPR345-L,21
JOPLJPR345-XL,24
JOPLJPR140-L,1
JOPLCS112-L,8
JOPLJPR345-S,44
JOPLJPR140-M,7
JOPLJPR345-XXL,34
JOPLCS112-M,7
JOPLCS112-XXL,5
JOPLCS112-S,22
JOPLJPR345-M,37
JOPLCS112-XS,24
JOPLCS112-XL,3
JOPLJPR345-XS,52
JOPLJPR140-S,15
JOPLJPR7015-S,54
JOPLJPR7018-XL,90
JOPLJPR7018-XS,95
JOPLJPR7015-XXL,79
JOPLJPR7019-XXL,92
JOPLJPR789-M,45
JOPLJPR7019-XL,123
JOPLJPR7015-M,25
JOPLJPR7018-L,91
JOPLJPR7015-XL,69
JOPLJPR789-L,37
JOPLJPR7019-M,88
JOPLJPR7018-XXL,93
JOPLJPR789-S,74
JOPLJPR7015-XS,70
JOPLJPR7015-L,47
JOPLJPR7019-L,88
JOPLJPR7019-XS,115
JOPLJPR789-XXL,77
JOPLJPR789-XS,82
JOPLJPR7019-S,109
JOPLJPR7018-S,94
JOPLJPR7018-M,91
JOPLJPR789-XL,49
JOPLST272-XL,58
JOPLST272-XXL,53
JOPLST272-S,54
JOPLST272-L,45
JOPLST272-M,57
JOPLJPR350-XXL,26
JOPLJPR350-L,17
JOPLJPR350-XS,38
JOPLJPR350-XL,30
JOPLJPR350-M,17
JOPLJPR350-S,36
JOPLJPR5002-L,26
JOPLJPR5002-XXL,27
JOPLJPR5002-M,22
JOPLJPR5002-XL,28
JOPLJPR5002-S,27
JOPLJPR5002-XS,20
JOPLVSRW4079-10XL,146
JOPLVSRW4079-9XL,145
JOPLVSRW5205-10XL,6
JOPLVSRW5205-9XL,40
JOPLVSRW5205-7XL,86
JOPLJPR517-S,4
JOPLVSRW5206-7XL,71
JOPLVSRW5206-10XL,9
JOPLVSRW5206-9XL,41
JOPLVSRW5205-8XL,60
JOPLVSRW5206-8XL,78
JOPLJPR344-S,48
JOPLJPR344-M,26
JOPLJPR344-XS,45
JOPLJPR344-L,25
JOPLJPR344-XXL,3
JOPLJPR780-S,94
JOPLJPR780-L,80
JOPLJPR5006-L,27
JOPLJPR780-XXL,89
JOPLJPR4009-XL,41
JOPLJPR5006-M,23
JOPLJPR5006-XL,25
JOPLJPR4009-L,39
JOPLJPR4003-XXL,31
JOPLJPR4003-3XL,32
JOPLJPR2008-XL,39
JOPLJPR2008-XXL,46
JOPLJPR2008-S,40
JOPLJPR5006-XXL,27
JOPLJPR4003-L,26
JOPLJPR4003-M,32
JOPLJPR5006-XS,22
JOPLJPR780-XL,82
JOPLJPR4009-XXL,45
JOPLJPR2008-M,30
JOPLJPR2008-XS,46
JOPLJPR2008-L,36
JOPLJPR5006-S,27
JOPLJPR4009-S,48
JOPLJPR4009-M,43
JOPLJPR4003-S,25
JOPLJPR780-XS,91
JOPLJPR780-M,78
JOPLJPR4009-3XL,47
JOPLJPR4003-XL,31
VRY01-XXL,1
VRY02B-M,16
VRY02B-L,4
VRY02B-XL,4
JOPLJPR319-XS,13
JOPLCS109-XXL,19
JOPLJPR319-L,5
JOPLCS109-L,9
JOPLJPR319-XL,7
JOPLJPR319-XXL,8
JOPLCS109-XL,21
JOPLJPR319-S,8
JOPLCS109-M,12
JOPLJPR319-M,2
JOPLCS109-S,28
JOPLCS109-XS,27
JOPLVSRW5212-3XL,7
JOPLVSRW5212-6XL,3
JOPLVSRW5213-L,49
JOPLVSRW5211-L,9
JOPLVSRW5211-6XL,90
JOPLVSRW5211-4XL,104
JOPLVSRW5211-S,51
JOPLVSRW5211-5XL,87
JOPLVSRW5213-4XL,59
JOPLVSRW5211-XXL,61
JOPLVSRW5213-9XL,30
JOPLVSRW5213-10XL,18
JOPLVSRW5211-XL,101
JOPLVSRW5213-3XL,61
JOPLVSRW5211-7XL,32
JOPLVSRW5213-6XL,52
JOPLVSRW5213-M,45
JOPLVSRW5211-9XL,47
JOPLVSRW5212-4XL,2
JOPLVSRW5211-M,19
JOPLVSRW5211-3XL,112
JOPLVSRW5211-10XL,32
JOPLVSRW5212-10XL,1
JOPLVSRW5213-7XL,2
JOPLVSRW5213-S,54
JOPLVSRW5212-9XL,10
JOPLVSRW5213-XL,100
JOPLVSRW5212-S,5
JOPLVSRW5211-8XL,19
JOPLVSRW5213-XXL,56
JOPLVSRW5213-5XL,4
JOPLVSRW5215-7XL,30
JOPLVSRW5217-5XL,20
JOPLVSRW5217-L,1
JOPLVSRW5215-XL,1
JOPLVSRW5217-3XL,36
JOPLVSRW5215-5XL,18
JOPLVSRW5217-9XL,14
JOPLVSRW5215-8XL,22
JOPLVSRW5215-6XL,20
JOPLVSRW5215-9XL,27
JOPLVSRW5215-XXL,1
JOPLVSRW5215-3XL,39
JOPLVSRW5215-M,5
JOPLVSRW5217-XL,10
JOPLVSRW5215-L,21
JOPLVSRW5215-4XL,21
JOPLVSRW5217-XXL,6
JOPLVSRW5217-4XL,43
JOPLVSRW5215-S,10
JOPLVSRW5217-M,17
JOPLVSRW5217-S,17
JOPLVSRW5215-10XL,22
JOPLVSRW5217-10XL,12
JOPLVSRW5217-8XL,6
JOPLVSRW5219-10XL,7
JOPLVSRW5216-5XL,21
JOPLVSRW5216-7XL,34
JOPLVSRW5216-L,20
JOPLVSRW5219-7XL,7
JOPLVSRW5218-9XL,22
JOPLVSRW5216-S,32
JOPLVSRW5218-6XL,49
JOPLVSRW5219-8XL,10
JOPLVSRW5219-4XL,28
JOPLVSRW5216-8XL,22
JOPLVSRW5214-10XL,1
JOPLVSRW5214-XXL,7
JOPLVSRW5216-10XL,35
JOPLVSRW5219-9XL,14
JOPLVSRW5219-XL,22
JOPLVSRW5216-XXL,32
JOPLVSRW5218-L,20
JOPLVSRW5218-S,34
JOPLVSRW5219-3XL,16
JOPLVSRW5214-XL,40
JOPLVSRW5218-XXL,48
JOPLVSRW5218-3XL,31
JOPLVSRW5219-6XL,36
JOPLVSRW5218-7XL,26
JOPLVSRW5219-L,19
JOPLVSRW5216-M,36
JOPLVSRW5218-M,50
JOPLVSRW5216-XL,22
JOPLVSRW5218-XL,21
JOPLVSRW5216-6XL,9
JOPLVSRW5218-4XL,5
JOPLVSRW5219-M,17
JOPLVSRW5218-8XL,25
JOPLVSRW5216-3XL,44
JOPLVSRW5214-6XL,28
JOPLVSRW5218-5XL,37
JOPLVSRW5214-3XL,53
JOPLVSRW5218-10XL,24
JOPLVSRW5214-L,18
JOPLVSRW5214-5XL,15
JOPLVSRW5214-S,17
JOPLVSRW5214-9XL,8
JOPLVSRW5214-4XL,33
JOPLVSRW5216-4XL,27
JOPLVSRW5219-5XL,31
JOPLVSRW5216-9XL,46
JOPLVSRW5219-XXL,6
JOPLJPR339-S,12
JOPLJPR339-M,9
JOPLJPR339-L,12
JOPLJPR347-L,15
JOPLJPR347-S,29
JOPLJPR347-M,9
JOPLJPR339-XL,12
JOPLJPR339-XS,21
JOPLJPR347-XS,37
JOPLJPR347-XL,4
JOPLJPR347-XXL,2
JOPLJPR339-XXL,14
JOPLVSRW5220-7XL,14
JOPLVSRW5221-7XL,27
JOPLVSRW5221-5XL,49
JOPLVSRW5221-10XL,28
JOPLVSRW5220-6XL,31
JOPLVSRW5221-3XL,45
JOPLVSRW5221-XL,36
JOPLVSRW5221-M,57
JOPLVSRW5221-S,21
JOPLVSRW5220-M,26
JOPLVSRW5220-8XL,22
JOPLVSRW5220-10XL,20
JOPLVSRW5221-9XL,32
JOPLVSRW5220-3XL,8
JOPLVSRW5221-XXL,25
JOPLVSRW5220-XXL,21
JOPLVSRW5221-L,35
JOPLVSRW5220-L,46
JOPLVSRW5220-5XL,32
JOPLVSRW5220-XL,3
JOPLVSRW5220-4XL,26
JOPLVSRW5220-S,53
JOPLVSRW5221-4XL,54
JOPLVSRW5221-6XL,49
JOPLVSRW5220-9XL,28
JOPLVSRW5221-8XL,30
JOPLJPR317-XXL,3
JOPLJPR317-S,17
JOPLJPR317-XS,16
JOPLJPR317-L,4
JOPLJPR317-M,7
JOPLJPR318-M,14
JOPLJPR318-XL,17
JOPLJPR318-XXL,17
JOPLJPR318-L,17
JOPLJPR318-XS,17
JOPLJPR318-S,19
JOPLJPR4001-XL,42
JOPLJPR4001-M,35
JOPLJPR4001-L,44
JOPLJPR4006-XXL,43
JOPLJPR320-XL,14
JOPLJPR4006-M,43
JOPLJPR4001-S,34
JOPLJPR4001-3XL,43
JOPLJPR4001-XXL,42
JOPLJPR320-S,16
JOPLJPR320-XXL,19
JOPLJPR320-XS,20
JOPLJPR4006-3XL,41
JOPLJPR4006-L,46
JOPLJPR4006-XL,41
JOPLJPR320-L,11
JOPLJPR4006-S,40
JOPLJPR320-M,12
JOPLJPR2009-XS,47
JOPLJPR2009-M,21
JOPLJPR790-XS,43
JOPLJPR790-M,35
JOPLJPR790-XXL,45
JOPLJPR2009-XL,15
JOPLJPR2009-S,39
JOPLJPR790-L,36
JOPLJPR2009-XXL,19
JOPLJPR790-XL,41
JOPLJPR790-S,39
JOPLJPR2009-L,31
JOPLJPR519-XXL,23
JOPLJPR519-L,27
JOPLJPR519-XL,25
JOPLJPR519-M,40
JOPLJPR519-S,48
JOPLJPR316-XS,11
JOPLJPR341-L,7
JOPLJPR341-XXL,10
JOPLJPR316-M,1
JOPLJPR316-XL,8
JOPLJPR316-XXL,3
JOPLJPR341-S,22
JOPLJPR316-L,6
JOPLJPR341-M,25
JOPLJPR316-S,11
JOPLJPR341-XS,16
JOPLJPR341-XL,15
JOPLJPR520-S,22
JOPLJPR520-M,50
JOPLJPR520-XL,32
JOPLJPR520-XXL,7
JOPLJPR520-L,23
JOPLJPR314-XXL,27
JOPLJPR4004-M,38
JOPLJPR4004-L,33
JOPLJPR4004-XXL,33
JOPLJPR314-XS,6
JOPLJPR4004-3XL,38
JOPLJPR4004-S,27
JOPLJPR314-L,28
JOPLJPR314-S,38
JOPLJPR314-M,39
JOPLJPR314-XL,10
JOPLJPR4004-XL,41
JOPLST276-M,52
JOPLST276-XXL,85
JOPLST276-XL,54
JOPLST276-S,64
JOPLST276-L,28
JOPLJPR4002-S,44
JOPLCS110-XL,16
JOPLJPR4002-3XL,28
JOPLJPR4002-L,24
JOPLJPR4002-XL,38
JOPLCS110-XXL,30
JOPLCS110-XS,27
JOPLJPR4002-M,37
JOPLCS110-L,17
JOPLCS110-S,23
JOPLCS110-M,20
JOPLJPR4002-XXL,26
JOPLJPR2005-L,13
JOPLJPR312-XS,26
JOPLJPR775-M,27
JOPLJPR313-XL,9
JOPLJPR313-XXL,10
JOPLJPR312-M,19
JOPLJPR775-L,25
JOPLJPR775-XXL,37
JOPLJPR2005-S,23
JOPLJPR312-XXL,2
JOPLJPR4032-S,3
JOPLJPR313-S,6
JOPLJPR313-XS,24
JOPLJPR313-M,10
JOPLJPR312-S,17
JOPLJPR775-XL,26
JOPLJPR2005-XXL,22
JOPLJPR2005-XL,22
JOPLJPR4032-M,2
JOPLJPR2005-M,18
JOPLJPR313-L,6
JOPLJPR2005-XS,26
JOPLJPR775-XS,29
JOPLJPR4032-3XL,28
JOPLJPR4032-XXL,15
JOPLJPR775-S,28
JOPLJPR521-L,29
JOPLJPR521-S,24
JOPLJPR521-XL,42
JOPLJPR521-XXL,50
JOPLJPR521-M,48
JOPLST275-S,3
JOPLST275-XL,1
JOPLST275-L,1
JOPLST275-M,1
JOPLVSRW1164-7XL,91
JOPLVSRW1164-8XL,36
JOPLVSRW1164-9XL,36
JOPLVSRW1164-10XL,30
JOPLJPR315-XS,27
JOPLJPR315-XXL,5
JOPLJPR4031-3XL,17
JOPLJPR7012-S,40
JOPLJPR788-S,90
JOPLJPR788-XXL,97
JOPLJPR788-XL,95
JOPLJPR788-M,91
JOPLJPR4031-S,25
JOPLJPR315-S,11
JOPLJPR4031-XL,15
JOPLJPR7012-XS,38
JOPLJPR788-L,92
JOPLJPR7012-XXL,46
JOPLJPR7012-XL,41
JOPLJPR788-XS,93
JOPLJPR4031-M,7
JOPLJPR7012-L,38
JOPLJPR315-M,4
JOPLJPR4031-L,9
JOPLJPR7012-M,33
JOPLJPR4031-XXL,19
JOPLVSRW5209-8XL,59
JOPLVSRW5209-7XL,46
JOPLVSMRW5149-10XL,63
JOPLVSMRW5149-9XL,61
JOPLVSRW5209-10XL,46
JOPLVSRW5209-9XL,63
JOPLVSRW5208-10XL,40
JOPLVSRW5208-9XL,50
JOPLVSRW5208-8XL,44
JOPLVSRW5208-7XL,58
JOPLJPR309-XXL,34
JOPLST277-L,3
JOPLJPR309-M,29
JOPLJPR309-XL,38
JOPLVSRW5210-7XL,100
JOPLJPR309-XS,34
JOPLST274-XL,57
JOPLJPR214-L,19
JOPLST274-M,43
JOPLST274-S,49
JOPLJPR309-S,38
JOPLVSRW5210-10XL,30
JOPLST277-S,15
JOPLVSRW5210-8XL,70
JOPLST274-XXL,3
JOPLJPR214-XL,4
JOPLJPR214-M,16
JOPLJPR214-XXL,16
JOPLST277-M,5
JOPLJPR309-L,40
JOPLST274-L,74
JOPLJPR214-3XL,26
JOPLVSRW5210-9XL,70
JOPLJPR784-XL,42
JOPLJPR784-S,37
JOPLJPR784-M,33
JOPLJPR784-XXL,43
JOPLJPR784-XS,39
JOPLJPR784-L,41
JOPLJPR4022-XL,46
JOPLJPR4022-M,48
JOPLJPR4035-M,51
JOPLJPR4035-XXL,46
JOPLJPR4035-XL,42
JOPLJPR4022-3XL,46
JOPLJPR4022-S,49
JOPLJPR4022-XXL,49
JOPLJPR4022-L,49
JOPLJPR4035-L,47
JOPLJPR4035-3XL,45
JOPLJPR4035-S,48
JOPLVSRW5207-7XL,46
JOPLVSRW5207-10XL,31
JOPLVSRW5207-8XL,78
JOPLVSRW5207-9XL,65
JOPLJPR5007-M,21
JOPLJPR5007-S,24
JOPLJPR4008-XXL,49
JOPLJPR2007-XXL,41
JOPLJPR310-S,26
JOPLJPR2007-L,39
JOPLJPR212-XL,28
JOPLJPR4008-XL,48
JOPLJPR4008-L,41
JOPLJPR5007-L,26
JOPLJPR310-XS,28
JOPLJPR353-M,46
JOPLJPR2007-XL,40
JOPLJPR310-L,25
JOPLJPR353-XS,45
JOPLJPR2007-M,42
JOPLJPR310-XXL,25
JOPLJPR212-XXL,29
JOPLJPR5007-XS,23
JOPLJPR212-3XL,30
JOPLJPR353-L,41
JOPLJPR310-M,25
JOPLJPR2007-XS,47
JOPLJPR353-S,52
JOPLJPR212-L,27
JOPLJPR4008-3XL,45
JOPLJPR5007-XXL,32
JOPLJPR2007-S,43
JOPLJPR353-XL,47
JOPLJPR4008-S,46
JOPLJPR310-XL,31
JOPLJPR5007-XL,28
JOPLJPR4008-M,52
JOPLJPR353-XXL,46
JOPLJPR212-M,26
JOPLJPR4010-XL,46
JOPLJPR761-XXL,18
JOPLJPR4010-XXL,45
JOPLJPR4010-M,45
JOPLJPR761-L,22
JOPLJPR761-S,8
JOPLJPR761-XL,17
JOPLJPR4010-3XL,46
JOPLJPR761-M,9
JOPLJPR4010-L,44
JOPLJPR4010-S,47
JOPLJPR4016-S,41
JOPLJPR351-M,42
JOPLJPR792-XL,40
JOPLJPR4016-M,42
JOPLJPR4016-L,47
JOPLJPR351-S,46
JOPLJPR351-XXL,36
JOPLJPR794-XXL,12
JOPLJPR792-XS,30
JOPLJPR794-S,8
JOPLJPR351-L,42
JOPLJPR792-L,29
JOPLJPR792-S,32
JOPLJPR351-XL,39
JOPLJPR794-XS,12
JOPLJPR4016-3XL,43
JOPLJPR792-XXL,39
JOPLJPR794-L,5
JOPLJPR4016-XXL,47
JOPLJPR794-XL,6
JOPLJPR351-XS,46
JOPLJPR4016-XL,42
JOPLJPR792-M,12
JOPLJPR794-M,14
JOPLJPR2015-S,46
JOPLJPR2015-3XL,47
JOPLJPR2015-L,43
JOPLJPR2013-M,52
JOPLJPR2015-XXL,45
JOPLJPR2013-S,43
JOPLJPR2013-XXL,41
JOPLJPR2015-XL,46
JOPLJPR2013-XL,63
JOPLJPR2013-3XL,39
JOPLJPR2015-M,45
JOPLJPR2013-L,45
JOPLJPR522-M,35
JOPLJPR522-S,33
JOPLJPR522-L,25
JOPLJPR522-XL,28
JOPLJPR522-XXL,26
JOPLJPR2012-XL,47
JOPLJPR352-L,49
JOPLJPR2016-S,47
JOPLJPR2016-XL,46
JOPLJPR2016-XXL,35
JOPLJPR352-S,45
JOPLJPR2012-M,46
JOPLJPR352-M,52
JOPLJPR352-XS,50
JOPLJPR2012-XXL,40
JOPLJPR352-XXL,37
JOPLJPR2016-L,44
JOPLJPR2012-S,45
JOPLJPR2012-L,49
JOPLJPR2012-3XL,45
JOPLJPR2016-3XL,45
JOPLJPR352-XL,47
JOPLJPR2016-M,41
JOPLJPR2011-M,42
JOPLJPR772-XXL,47
JOPLJPR771-L,43
JOPLJPR771-XXL,29
JOPLJPR2011-3XL,44
JOPLJPR772-M,40
JOPLJPR772-XL,40
JOPLJPR772-L,41
JOPLJPR771-M,41
JOPLJPR2011-S,45
JOPLJPR772-S,54
JOPLJPR771-XL,44
JOPLJPR2011-L,45
JOPLJPR771-XS,43
JOPLJPR2011-XXL,55
JOPLJPR772-XS,53
JOPLJPR771-S,44
JOPLJPR2011-XL,32
JOPLJPR735-L,61
JOPLJPR735-XL,57
JOPLJPR735-S,54
JOPLJPR735-XXL,47
JOPLJPR735-M,46
JOPLJPR735-XS,53
JOPLJPR2014-XL,41
JOPLJPR2014-XXL,39
JOPLJPR2014-S,48
JOPLJPR2014-M,44
JOPLJPR2014-L,47
JOPLJPR2014-3XL,43
JOPLJPR4012-XXL,56
JOPLJPR4012-M,50
JOPLJPR5003-XS,30
JOPLJPR5003-M,28
JOPLJPR5003-XXL,29
JOPLJPR4012-S,51
JOPLJPR4012-3XL,48
JOPLJPR5003-XL,31
JOPLJPR4012-XL,50
JOPLJPR5003-L,31
JOPLJPR4012-L,46
JOPLJPR5003-S,30
JOPLST601-M,30
JOPLST601-XXL,48
JOPLJPR523-XXL,68
JOPLST601-S,30
JOPLJPR523-M,46
JOPLST601-L,49
JOPLJPR523-L,66
JOPLST603-S,32
JOPLST601-XL,47
JOPLJPR523-S,58
JOPLST603-M,30
JOPLST603-XL,37
JOPLST603-XXL,39
JOPLJPR523-XL,63
JOPLST603-L,41
JOPLJPR4049-3XL,43
JOPLJPR4049-XL,40
JOPLJPR4049-XXL,47
JOPLST602-XL,43
JOPLST602-S,30
JOPLST602-L,50
JOPLST602-XXL,48
JOPLST602-M,37
JOPLJPR358-XXL,30
JOPLJPR7043-L,12
JOPLJPR2019-XXL,49
JOPLJPR2019-L,51
JOPLJPR7043-XS,11
JOPLJPR358-XL,31
JOPLJPR7043-S,16
JOPLJPR7043-XL,14
JOPLJPR2019-XL,51
JOPLJPR358-M,31
JOPLJPR358-S,29
JOPLJPR358-L,31
JOPLJPR358-XS,28
JOPLJPR7043-XXL,21
JOPLJPR2019-M,48
JOPLJPR7043-M,18
JOPLJPR2019-S,48
JOPLJPR2019-XS,48
JOPLVL286-6XL,1
JOPLLT7069,1
JOPLVSRW4097-10XL,20
JOPLVSRW4097-9XL,21
JOPLVSRW4097-8XL,22
JOPLVSRW4097-7XL,16
JOPLVL280-3XL,1
